Parcours,DÇpart,ArrivÇe,Nombre de voyages,Poids de voyages,Nombre d'abonnements
MONTPELLIER SAINT-ROCH - NIMES,MONTPELLIER SAINT-ROCH,NIMES,2873,"0,0336669166588544",0
MONTPELLIER SAINT-ROCH - SETE,MONTPELLIER SAINT-ROCH,SETE,2806,"0,0328817849442205",0
NARBONNE - TOULOUSE MATABIAU,NARBONNE,TOULOUSE MATABIAU,2660,"0,0311709009093466",0
ALBI - TOULOUSE MATABIAU,ALBI,TOULOUSE MATABIAU,2490,"0,0291787756632605",0
MONTAUBAN - TOULOUSE MATABIAU,MONTAUBAN,TOULOUSE MATABIAU,2244,"0,026296053248336",0
AGEN - TOULOUSE MATABIAU,AGEN,TOULOUSE MATABIAU,2160,"0,0253117090090935",0
AVIGNON CENTRE - MONTPELLIER SAINT-ROCH,AVIGNON CENTRE,MONTPELLIER SAINT-ROCH,2120,"0,0248429736570732",0
PERPIGNAN - TOULOUSE MATABIAU,PERPIGNAN,TOULOUSE MATABIAU,2015,"0,0236125433580201",0
TARBES - TOULOUSE MATABIAU,TARBES,TOULOUSE MATABIAU,2013,"0,0235891065904191",0
BEZIERS - MONTPELLIER SAINT-ROCH,BEZIERS,MONTPELLIER SAINT-ROCH,1860,"0,0217961938689416",0
CARCASSONNE - TOULOUSE MATABIAU,CARCASSONNE,TOULOUSE MATABIAU,1780,"0,0208587231649011",0
MONTPELLIER SAINT-ROCH - NARBONNE,MONTPELLIER SAINT-ROCH,NARBONNE,1723,"0,0201907752882722",0
MONTPELLIER SAINT-ROCH - PERPIGNAN,MONTPELLIER SAINT-ROCH,PERPIGNAN,1504,"0,0176244492359614",0
CAHORS - TOULOUSE MATABIAU,CAHORS,TOULOUSE MATABIAU,1492,"0,0174838286303553",0
RODEZ - TOULOUSE MATABIAU,RODEZ,TOULOUSE MATABIAU,1269,"0,0148706290428424",0
PAU - TOULOUSE MATABIAU,PAU,TOULOUSE MATABIAU,1102,"0,0129136589481579",0
ALES - NIMES,ALES,NIMES,1093,"0,0128081934939533",0
FOIX - TOULOUSE MATABIAU,FOIX,TOULOUSE MATABIAU,1082,"0,0126792912721478",0
CASTRES - TOULOUSE MATABIAU,CASTRES,TOULOUSE MATABIAU,1009,"0,0118238492547108",0
AUCH - TOULOUSE MATABIAU,AUCH,TOULOUSE MATABIAU,968,"0,01134339551889",0
PAMIERS - TOULOUSE MATABIAU,PAMIERS,TOULOUSE MATABIAU,963,"0,0112848035998875",0
AGDE - MONTPELLIER SAINT-ROCH,AGDE,MONTPELLIER SAINT-ROCH,873,"0,0102301490578419",0
COLLIOURE - TOULOUSE MATABIAU,COLLIOURE,TOULOUSE MATABIAU,820,"0,00960907471641511",0
AVIGNON CENTRE - NIMES,AVIGNON CENTRE,NIMES,819,"0,00959735633261461",0
BRIVE LA GAILLARDE - TOULOUSE MATABIAU,BRIVE LA GAILLARDE,TOULOUSE MATABIAU,818,"0,0095856379488141",0
NARBONNE - PERPIGNAN,NARBONNE,PERPIGNAN,815,"0,00955048279741258",0
MURET - TOULOUSE MATABIAU,MURET,TOULOUSE MATABIAU,799,"0,00936298865660448",0
LUNEL - MONTPELLIER SAINT-ROCH,LUNEL,MONTPELLIER SAINT-ROCH,789,"0,00924580481859942",0
GAILLAC - TOULOUSE MATABIAU,GAILLAC,TOULOUSE MATABIAU,766,"0,00897628199118778",0
SAINT-GAUDENS - TOULOUSE MATABIAU,SAINT-GAUDENS,TOULOUSE MATABIAU,740,"0,00867160401237461",0
CAPDENAC - TOULOUSE MATABIAU,CAPDENAC,TOULOUSE MATABIAU,625,"0,0073239898753164",0
BOUSSENS - TOULOUSE MATABIAU,BOUSSENS,TOULOUSE MATABIAU,582,"0,00682009937189463",0
FRONTIGNAN - MONTPELLIER SAINT-ROCH,FRONTIGNAN,MONTPELLIER SAINT-ROCH,575,"0,00673807068529109",0
LOURDES - TOULOUSE MATABIAU,LOURDES,TOULOUSE MATABIAU,568,"0,00665604199868754",0
MONTPELLIER SAINT-ROCH - TOULOUSE MATABIAU,MONTPELLIER SAINT-ROCH,TOULOUSE MATABIAU,534,"0,00625761694947033",0
ALBI MADELEINE - TOULOUSE MATABIAU,ALBI MADELEINE,TOULOUSE MATABIAU,511,"0,00598809412205869",0
SAINT-SULPICE - TOULOUSE MATABIAU,SAINT-SULPICE,TOULOUSE MATABIAU,507,"0,00594122058685666",0
TOULOUSE MATABIAU - VILLEFRANCHE DE ROUERGUE,TOULOUSE MATABIAU,VILLEFRANCHE DE ROUERGUE,494,"0,00578888159745008",0
MAZAMET - TOULOUSE MATABIAU,MAZAMET,TOULOUSE MATABIAU,481,"0,0056365426080435",0
NARBONNE - SETE,NARBONNE,SETE,459,"0,00537873816443236",0
MOISSAC - TOULOUSE MATABIAU,MOISSAC,TOULOUSE MATABIAU,450,"0,00527327271022781",0
CASTELNAUDARY - TOULOUSE MATABIAU,CASTELNAUDARY,TOULOUSE MATABIAU,422,"0,00494515796381363",0
LEUCATE LA FRANQUI - TOULOUSE MATABIAU,LEUCATE LA FRANQUI,TOULOUSE MATABIAU,391,"0,00458188806599794",0
NARBONNE - NIMES,NARBONNE,NIMES,391,"0,00458188806599794",0
RABASTENS - COUFOULEUX - TOULOUSE MATABIAU,RABASTENS,COUFOULEUX,391,"0,00458188806599794",0
ARGELES SUR MER - TOULOUSE MATABIAU,ARGELES SUR MER,TOULOUSE MATABIAU,387,"0,00453501453079591",0
BEZIERS - NIMES,BEZIERS,NIMES,384,"0,00449985937939439",0
AX LES THERMES - TOULOUSE MATABIAU,AX LES THERMES,TOULOUSE MATABIAU,379,"0,00444126746039186",0
CARCASSONNE - NARBONNE,CARCASSONNE,NARBONNE,378,"0,00442954907659136",0
CAUSSADE - TOULOUSE MATABIAU,CAUSSADE,TOULOUSE MATABIAU,378,"0,00442954907659136",0
CARBONNE - TOULOUSE MATABIAU,CARBONNE,TOULOUSE MATABIAU,375,"0,00439439392518984",0
MONTRêJEAU - GOURDAN-POLIGNAN - TOULOUSE MATABIAU,MONTRêJEAU,GOURDAN-POLIGNAN,367,"0,00430064685478579",0
NIMES - SETE,NIMES,SETE,353,"0,0041365894815787",0
AUTERIVE - TOULOUSE MATABIAU,AUTERIVE,TOULOUSE MATABIAU,352,"0,0041248710977782",0
CASTELSARRASIN - TOULOUSE MATABIAU,CASTELSARRASIN,TOULOUSE MATABIAU,348,"0,00407799756257617",0
NIMES - PERPIGNAN,NIMES,PERPIGNAN,347,"0,00406627917877566",0
LAVAUR - TOULOUSE MATABIAU,LAVAUR,TOULOUSE MATABIAU,339,"0,00397253210837161",0
CASTELNAU D'ESTRETEFONDS - TOULOUSE MATABIAU,CASTELNAU D'ESTRETEFONDS,TOULOUSE MATABIAU,333,"0,00390222180556858",0
MONT LOUIS LA CABANASSE - VILLEFRANCHE VERNET LES BAINS,MONT LOUIS LA CABANASSE,VILLEFRANCHE VERNET LES BAINS,324,"0,00379675635136402",0
CARMAUX - TOULOUSE MATABIAU,CARMAUX,TOULOUSE MATABIAU,320,"0,003749882816162",0
LANNEMEZAN - TOULOUSE MATABIAU,LANNEMEZAN,TOULOUSE MATABIAU,314,"0,00367957251335896",0
TARASCON SUR ARIEGE - TOULOUSE MATABIAU,TARASCON SUR ARIEGE,TOULOUSE MATABIAU,304,"0,0035623886753539",0
AVIGNON CENTRE - SETE,AVIGNON CENTRE,SETE,298,"0,00349207837255086",0
BAILLARGUES - MONTPELLIER SAINT-ROCH,BAILLARGUES,MONTPELLIER SAINT-ROCH,284,"0,00332802099934377",0
MONTPELLIER SAINT-ROCH - VERG‘ZE - CODOGNAN,MONTPELLIER SAINT-ROCH,VERG‘ZE,283,"0,00331630261554326",0
MONTPELLIER SAINT-ROCH - TARASCON,MONTPELLIER SAINT-ROCH,TARASCON,266,"0,00311709009093466",0
CAZ‘RES - TOULOUSE MATABIAU,CAZ‘RES,TOULOUSE MATABIAU,258,"0,00302334302053061",0
GOURDON - TOULOUSE MATABIAU,GOURDON,TOULOUSE MATABIAU,253,"0,00296475110152808",0
BEZIERS - NARBONNE,BEZIERS,NARBONNE,245,"0,00287100403112403",0
L'ISLE JOURDAIN - TOULOUSE MATABIAU,L'ISLE JOURDAIN,TOULOUSE MATABIAU,240,"0,0028124121121215",0
LATOUR DE CAROL ENVEITG - VILLEFRANCHE VERNET LES BAINS,LATOUR DE CAROL ENVEITG,VILLEFRANCHE VERNET LES BAINS,236,"0,00276553857691947",0
BANYULS SUR MER - TOULOUSE MATABIAU,BANYULS SUR MER,TOULOUSE MATABIAU,234,"0,00274210180931846",0
FONT ROMEU ODEILLO VIA - VILLEFRANCHE VERNET LES BAINS,FONT ROMEU ODEILLO VIA,VILLEFRANCHE VERNET LES BAINS,230,"0,00269522827411643",0
NIMES - NIMES PONT DU GARD,NIMES,NIMES PONT DU GARD,230,"0,00269522827411643",0
PORT LA NOUVELLE - TOULOUSE MATABIAU,PORT LA NOUVELLE,TOULOUSE MATABIAU,227,"0,00266007312271492",0
TOULOUSE MATABIAU - VALENCE D'AGEN,TOULOUSE MATABIAU,VALENCE D'AGEN,227,"0,00266007312271492",0
BEZIERS - PERPIGNAN,BEZIERS,PERPIGNAN,221,"0,00258976281991188",0
CARCASSONNE - PERPIGNAN,CARCASSONNE,PERPIGNAN,219,"0,00256632605231087",0
BEZIERS - SETE,BEZIERS,SETE,215,"0,00251945251710884",0
TOULOUSE MATABIAU - VENERQUE - LE VERNET,TOULOUSE MATABIAU,VENERQUE,215,"0,00251945251710884",0
AVIGNON CENTRE - NARBONNE,AVIGNON CENTRE,NARBONNE,204,"0,00239055029530327",0
AGDE - BEZIERS,AGDE,BEZIERS,203,"0,00237883191150277",0
COLLIOURE - NARBONNE,COLLIOURE,NARBONNE,197,"0,00230852160869973",0
AGEN - MONTAUBAN,AGEN,MONTAUBAN,194,"0,00227336645729821",0
MURET - SAINT-AGNE,MURET,SAINT-AGNE,192,"0,0022499296896972",0
SAVERDUN - TOULOUSE MATABIAU,SAVERDUN,TOULOUSE MATABIAU,191,"0,00223821130589669",0
LUNEL - NIMES,LUNEL,NIMES,190,"0,00222649292209619",0
SOUILLAC - TOULOUSE MATABIAU,SOUILLAC,TOULOUSE MATABIAU,190,"0,00222649292209619",0
NARBONNE - PORT LA NOUVELLE,NARBONNE,PORT LA NOUVELLE,189,"0,00221477453829568",0
CERBERE - TOULOUSE MATABIAU,CERBERE,TOULOUSE MATABIAU,184,"0,00215618261929315",0
NAJAC - TOULOUSE MATABIAU,NAJAC,TOULOUSE MATABIAU,184,"0,00215618261929315",0
FOIX - SAINT-AGNE,FOIX,SAINT-AGNE,180,"0,00210930908409112",0
BEZIERS - TOULOUSE MATABIAU,BEZIERS,TOULOUSE MATABIAU,171,"0,00200384362988657",0
SAINT-AGNE - TARBES,SAINT-AGNE,TARBES,171,"0,00200384362988657",0
PERPIGNAN - SETE,PERPIGNAN,SETE,169,"0,00198040686228555",0
BRAM - TOULOUSE MATABIAU,BRAM,TOULOUSE MATABIAU,164,"0,00192181494328302",0
COLLIOURE - PERPIGNAN,COLLIOURE,PERPIGNAN,162,"0,00189837817568201",0
LATOUR DE CAROL ENVEITG - TOULOUSE MATABIAU,LATOUR DE CAROL ENVEITG,TOULOUSE MATABIAU,162,"0,00189837817568201",0
LISLE SUR TARN - TOULOUSE MATABIAU,LISLE SUR TARN,TOULOUSE MATABIAU,162,"0,00189837817568201",0
TOULOUSE MATABIAU - TOURNAY,TOULOUSE MATABIAU,TOURNAY,162,"0,00189837817568201",0
LêZIGNAN (AUDE) - TOULOUSE MATABIAU,LêZIGNAN (AUDE),TOULOUSE MATABIAU,160,"0,001874941408081",0
CAHORS - MONTAUBAN,CAHORS,MONTAUBAN,157,"0,00183978625667948",0
AGDE - NARBONNE,AGDE,NARBONNE,155,"0,00181634948907847",0
AVIGNON CENTRE - BEZIERS,AVIGNON CENTRE,BEZIERS,154,"0,00180463110527796",0
NIMES - VERG‘ZE - CODOGNAN,NIMES,VERG‘ZE,154,"0,00180463110527796",0
AGDE - NIMES,AGDE,NIMES,153,"0,00179291272147745",0
PORT BOU FRONTIERE - TOULOUSE MATABIAU,PORT BOU FRONTIERE,TOULOUSE MATABIAU,149,"0,00174603918627543",0
MONTASTRUC LA CONSEILLERE - TOULOUSE MATABIAU,MONTASTRUC LA CONSEILLERE,TOULOUSE MATABIAU,146,"0,00171088403487391",0
MONTPELLIER SAINT-ROCH - RIVESALTES,MONTPELLIER SAINT-ROCH,RIVESALTES,146,"0,00171088403487391",0
PINS JUSTARET - TOULOUSE MATABIAU,PINS JUSTARET,TOULOUSE MATABIAU,144,"0,0016874472672729",0
ANDORRE - L'HOSPITALET - TOULOUSE MATABIAU,ANDORRE,L'HOSPITALET,141,"0,00165229211587138",0
MONTPELLIER SAINT-ROCH - NIMES PONT DU GARD,MONTPELLIER SAINT-ROCH,NIMES PONT DU GARD,141,"0,00165229211587138",0
TOULOUSE MATABIAU - VILLEFRANCHE DE LAURAGAIS,TOULOUSE MATABIAU,VILLEFRANCHE DE LAURAGAIS,141,"0,00165229211587138",0
AVIGNON CENTRE - BAGNOLS SUR CEZE,AVIGNON CENTRE,BAGNOLS SUR CEZE,137,"0,00160541858066935",0
AUCH - SAINT-CYPRIEN AR‘NES,AUCH,SAINT-CYPRIEN AR‘NES,135,"0,00158198181306834",0
AVIGNON CENTRE - PERPIGNAN,AVIGNON CENTRE,PERPIGNAN,132,"0,00154682666166682",0
GIMONT CAHUZAC - TOULOUSE MATABIAU,GIMONT CAHUZAC,TOULOUSE MATABIAU,131,"0,00153510827786632",0
AGDE - AVIGNON CENTRE,AGDE,AVIGNON CENTRE,125,"0,00146479797506328",0
PAMIERS - SAINT-AGNE,PAMIERS,SAINT-AGNE,125,"0,00146479797506328",0
BAILLARGUES - NIMES,BAILLARGUES,NIMES,123,"0,00144136120746227",0
DIEUPENTALE - TOULOUSE MATABIAU,DIEUPENTALE,TOULOUSE MATABIAU,122,"0,00142964282366176",0
LEUCATE LA FRANQUI - NARBONNE,LEUCATE LA FRANQUI,NARBONNE,121,"0,00141792443986125",0
LONGAGES - NOê - TOULOUSE MATABIAU,LONGAGES,NOê,119,"0,00139448767226024",0
NARBONNE - PORT BOU FRONTIERE,NARBONNE,PORT BOU FRONTIERE,117,"0,00137105090465923",0
AUCH - SAINT-AGNE,AUCH,SAINT-AGNE,116,"0,00135933252085872",0
GRISOLLES - TOULOUSE MATABIAU,GRISOLLES,TOULOUSE MATABIAU,112,"0,0013124589856567",0
SAINT-JORY - TOULOUSE MATABIAU,SAINT-JORY,TOULOUSE MATABIAU,112,"0,0013124589856567",0
ELNE - TOULOUSE MATABIAU,ELNE,TOULOUSE MATABIAU,111,"0,00130074060185619",0
TOULOUSE MATABIAU - VARILHES,TOULOUSE MATABIAU,VARILHES,110,"0,00128902221805569",0
MURET - TARBES,MURET,TARBES,109,"0,00127730383425518",0
CARCASSONNE - CASTELNAUDARY,CARCASSONNE,CASTELNAUDARY,108,"0,00126558545045467",0
ALBI - RODEZ,ALBI,RODEZ,106,"0,00124214868285366",0
CINTEGABELLE - TOULOUSE MATABIAU,CINTEGABELLE,TOULOUSE MATABIAU,102,"0,00119527514765164",0
LALBENQUE FONTANES - TOULOUSE MATABIAU,LALBENQUE FONTANES,TOULOUSE MATABIAU,98,"0,00114840161244961",0
ARGELES SUR MER - PERPIGNAN,ARGELES SUR MER,PERPIGNAN,97,"0,00113668322864911",0
CASTELNAUDARY - NARBONNE,CASTELNAUDARY,NARBONNE,97,"0,00113668322864911",0
SAINT-AGNE - SAINT-GAUDENS,SAINT-AGNE,SAINT-GAUDENS,96,"0,0011249648448486",0
PORTET SAINT-SIMON - TOULOUSE MATABIAU,PORTET SAINT-SIMON,TOULOUSE MATABIAU,92,"0,00107809130964657",0
LUC PRIMAUBE - TOULOUSE MATABIAU,LUC PRIMAUBE,TOULOUSE MATABIAU,91,"0,00106637292584607",0
LANNEMEZAN - TARBES,LANNEMEZAN,TARBES,90,"0,00105465454204556",0
MERENS LES VALS - TOULOUSE MATABIAU,MERENS LES VALS,TOULOUSE MATABIAU,90,"0,00105465454204556",0
BRIVE LA GAILLARDE - RODEZ,BRIVE LA GAILLARDE,RODEZ,88,"0,00103121777444455",0
FAUGA - TOULOUSE MATABIAU,FAUGA,TOULOUSE MATABIAU,88,"0,00103121777444455",0
NIMES - TARASCON,NIMES,TARASCON,88,"0,00103121777444455",0
BANYULS SUR MER - PERPIGNAN,BANYULS SUR MER,PERPIGNAN,87,"0,00101949939064404",0
BRIVE LA GAILLARDE - CAHORS,BRIVE LA GAILLARDE,CAHORS,87,"0,00101949939064404",0
PERPIGNAN - PORT BOU FRONTIERE,PERPIGNAN,PORT BOU FRONTIERE,87,"0,00101949939064404",0
CARBONNE - SAINT-AGNE,CARBONNE,SAINT-AGNE,85,"0,00099606262304303",0
DAMIATTE ST PAUL - TOULOUSE MATABIAU,DAMIATTE ST PAUL,TOULOUSE MATABIAU,85,"0,00099606262304303",0
AVIGNON CENTRE - NIMES PONT DU GARD,AVIGNON CENTRE,NIMES PONT DU GARD,84,"0,000984344239242524",0
RIVESALTES - TOULOUSE MATABIAU,RIVESALTES,TOULOUSE MATABIAU,84,"0,000984344239242524",0
ARGELES SUR MER - MONTPELLIER SAINT-ROCH,ARGELES SUR MER,MONTPELLIER SAINT-ROCH,83,"0,000972625855442017",0
BOUSSENS - SAINT-AGNE,BOUSSENS,SAINT-AGNE,83,"0,000972625855442017",0
NIMES - TOULOUSE MATABIAU,NIMES,TOULOUSE MATABIAU,83,"0,000972625855442017",0
AGDE - SETE,AGDE,SETE,82,"0,000960907471641511",0
ALBI - CARMAUX,ALBI,CARMAUX,82,"0,000960907471641511",0
CASTELSARRASIN - MONTAUBAN,CASTELSARRASIN,MONTAUBAN,82,"0,000960907471641511",0
TOULOUSE MATABIAU - VIELMUR SUR AGOUT,TOULOUSE MATABIAU,VIELMUR SUR AGOUT,82,"0,000960907471641511",0
BAZIEGE - TOULOUSE MATABIAU,BAZIEGE,TOULOUSE MATABIAU,81,"0,000949189087841005",0
ARGELES SUR MER - NARBONNE,ARGELES SUR MER,NARBONNE,80,"0,000937470704040499",0
AVIGNON CENTRE - LUNEL,AVIGNON CENTRE,LUNEL,80,"0,000937470704040499",0
LA BASTIDE ST LAURENT L BAINS - NIMES,LA BASTIDE ST LAURENT L BAINS,NIMES,80,"0,000937470704040499",0
PAU - TARBES,PAU,TARBES,80,"0,000937470704040499",0
BARAQUEVILLE CARCENAC PEYRALES - TOULOUSE MATABIAU,BARAQUEVILLE CARCENAC PEYRALES,TOULOUSE MATABIAU,79,"0,000925752320239993",0
CARCASSONNE - MONTPELLIER SAINT-ROCH,CARCASSONNE,MONTPELLIER SAINT-ROCH,78,"0,000914033936439486",0
LUNEL - NARBONNE,LUNEL,NARBONNE,76,"0,000890597168838474",0
MONTBARTIER - TOULOUSE MATABIAU,MONTBARTIER,TOULOUSE MATABIAU,76,"0,000890597168838474",0
ALBI - GAILLAC,ALBI,GAILLAC,75,"0,000878878785037968",0
MARTRES TOLOSANE - TOULOUSE MATABIAU,MARTRES TOLOSANE,TOULOUSE MATABIAU,75,"0,000878878785037968",0
CORDES VINDRAC - TOULOUSE MATABIAU,CORDES VINDRAC,TOULOUSE MATABIAU,73,"0,000855442017436955",0
LABRUGUIERE - TOULOUSE MATABIAU,LABRUGUIERE,TOULOUSE MATABIAU,73,"0,000855442017436955",0
BRAX - LêGUEVIN - TOULOUSE MATABIAU,BRAX,LêGUEVIN,72,"0,000843723633636449",0
CAUSSADE - MONTAUBAN,CAUSSADE,MONTAUBAN,72,"0,000843723633636449",0
COLLIOURE - MONTPELLIER SAINT-ROCH,COLLIOURE,MONTPELLIER SAINT-ROCH,72,"0,000843723633636449",0
FRONTIGNAN - NIMES,FRONTIGNAN,NIMES,72,"0,000843723633636449",0
LEXOS - TOULOUSE MATABIAU,LEXOS,TOULOUSE MATABIAU,72,"0,000843723633636449",0
BOURG MADAME - VILLEFRANCHE VERNET LES BAINS,BOURG MADAME,VILLEFRANCHE VERNET LES BAINS,70,"0,000820286866035436",0
NIMES - SAINT-GENI‘S-DE-MALGOIR‘S,NIMES,SAINT-GENI‘S-DE-MALGOIR‘S,69,"0,00080856848223493",0
ALBI - SAINT-SULPICE,ALBI,SAINT-SULPICE,68,"0,000796850098434424",0
LêZIGNAN (AUDE) - NARBONNE,LêZIGNAN (AUDE),NARBONNE,68,"0,000796850098434424",0
MONTPELLIER SAINT-ROCH - PORT BOU FRONTIERE,MONTPELLIER SAINT-ROCH,PORT BOU FRONTIERE,67,"0,000785131714633918",0
BRIVE LA GAILLARDE - FIGEAC,BRIVE LA GAILLARDE,FIGEAC,66,"0,000773413330833412",0
BEZIERS - LUNEL,BEZIERS,LUNEL,65,"0,000761694947032905",0
FRONTIGNAN - NARBONNE,FRONTIGNAN,NARBONNE,65,"0,000761694947032905",0
NAUCELLE - TOULOUSE MATABIAU,NAUCELLE,TOULOUSE MATABIAU,65,"0,000761694947032905",0
AVIGNON CENTRE - BAILLARGUES,AVIGNON CENTRE,BAILLARGUES,63,"0,000738258179431893",0
AVIGNON CENTRE - PONT SAINT ESPRIT,AVIGNON CENTRE,PONT SAINT ESPRIT,63,"0,000738258179431893",0
L'ISLE JOURDAIN - SAINT-CYPRIEN AR‘NES,L'ISLE JOURDAIN,SAINT-CYPRIEN AR‘NES,63,"0,000738258179431893",0
MENDE - NIMES,MENDE,NIMES,63,"0,000738258179431893",0
LAVILLEDIEU - TOULOUSE MATABIAU,LAVILLEDIEU,TOULOUSE MATABIAU,61,"0,00071482141183088",0
BRAX - LêGUEVIN - SAINT-CYPRIEN AR‘NES,BRAX,LêGUEVIN,60,"0,000703103028030374",0
LAGUEPIE - TOULOUSE MATABIAU,LAGUEPIE,TOULOUSE MATABIAU,60,"0,000703103028030374",0
LEUCATE LA FRANQUI - MONTPELLIER SAINT-ROCH,LEUCATE LA FRANQUI,MONTPELLIER SAINT-ROCH,60,"0,000703103028030374",0
MONTPELLIER SAINT-ROCH - PORT LA NOUVELLE,MONTPELLIER SAINT-ROCH,PORT LA NOUVELLE,60,"0,000703103028030374",0
AGEN - MOISSAC,AGEN,MOISSAC,59,"0,000691384644229868",0
ALBIAS - TOULOUSE MATABIAU,ALBIAS,TOULOUSE MATABIAU,59,"0,000691384644229868",0
FOIX - PAMIERS,FOIX,PAMIERS,59,"0,000691384644229868",0
MOISSAC - MONTAUBAN,MOISSAC,MONTAUBAN,59,"0,000691384644229868",0
PIBRAC - TOULOUSE MATABIAU,PIBRAC,TOULOUSE MATABIAU,59,"0,000691384644229868",0
CAZ‘RES - SAINT-AGNE,CAZ‘RES,SAINT-AGNE,58,"0,000679666260429362",0
AGEN - VALENCE D'AGEN,AGEN,VALENCE D'AGEN,57,"0,000667947876628855",0
BAILLARGUES - SETE,BAILLARGUES,SETE,57,"0,000667947876628855",0
CARCASSONNE - LABEGE INNOPOLE,CARCASSONNE,LABEGE INNOPOLE,57,"0,000667947876628855",0
COLOMIERS - TOULOUSE MATABIAU,COLOMIERS,TOULOUSE MATABIAU,56,"0,000656229492828349",0
LUNEL - PERPIGNAN,LUNEL,PERPIGNAN,56,"0,000656229492828349",0
AGDE - PERPIGNAN,AGDE,PERPIGNAN,55,"0,000644511109027843",0
GENOLHAC - NIMES,GENOLHAC,NIMES,55,"0,000644511109027843",0
LUNEL - SETE,LUNEL,SETE,55,"0,000644511109027843",0
SAINT-AGNE - TOULOUSE MATABIAU,SAINT-AGNE,TOULOUSE MATABIAU,55,"0,000644511109027843",0
PORT VENDRES VILLE - TOULOUSE MATABIAU,PORT VENDRES VILLE,TOULOUSE MATABIAU,54,"0,000632792725227337",0
BRIVE LA GAILLARDE - MONTAUBAN,BRIVE LA GAILLARDE,MONTAUBAN,53,"0,00062107434142683",0
NARBONNE - RIVESALTES,NARBONNE,RIVESALTES,53,"0,00062107434142683",0
BEZIERS - FRONTIGNAN,BEZIERS,FRONTIGNAN,52,"0,000609355957626324",0
ELNE - MONTPELLIER SAINT-ROCH,ELNE,MONTPELLIER SAINT-ROCH,52,"0,000609355957626324",0
TOULOUSE MATABIAU - VERNET-D'ARIEGE,TOULOUSE MATABIAU,VERNET-D'ARIEGE,52,"0,000609355957626324",0
BEAUCAIRE - MONTPELLIER SAINT-ROCH,BEAUCAIRE,MONTPELLIER SAINT-ROCH,49,"0,000574200806224806",0
CERBERE - PERPIGNAN,CERBERE,PERPIGNAN,49,"0,000574200806224806",0
FRONTIGNAN - PERPIGNAN,FRONTIGNAN,PERPIGNAN,49,"0,000574200806224806",0
AUTERIVE - SAINT-AGNE,AUTERIVE,SAINT-AGNE,48,"0,000562482422424299",0
AGEN - CASTELNAU D'ESTRETEFONDS,AGEN,CASTELNAU D'ESTRETEFONDS,47,"0,000550764038623793",0
BANYULS SUR MER - NARBONNE,BANYULS SUR MER,NARBONNE,47,"0,000550764038623793",0
BEZIERS - VERG‘ZE - CODOGNAN,BEZIERS,VERG‘ZE,47,"0,000550764038623793",0
BRAM - CARCASSONNE,BRAM,CARCASSONNE,47,"0,000550764038623793",0
CASTELNAUDARY - PERPIGNAN,CASTELNAUDARY,PERPIGNAN,47,"0,000550764038623793",0
SETE - VERG‘ZE - CODOGNAN,SETE,VERG‘ZE,47,"0,000550764038623793",0
CARCASSONNE - COLLIOURE,CARCASSONNE,COLLIOURE,46,"0,000539045654823287",0
MONTPELLIER SAINT-ROCH - VIC - MIREVAL,MONTPELLIER SAINT-ROCH,VIC,46,"0,000539045654823287",0
MURET - SAINT-GAUDENS,MURET,SAINT-GAUDENS,46,"0,000539045654823287",0
SAINT-GAUDENS - TARBES,SAINT-GAUDENS,TARBES,46,"0,000539045654823287",0
L'ISLE JOURDAIN - SAINT-AGNE,L'ISLE JOURDAIN,SAINT-AGNE,45,"0,000527327271022781",0
MONTAUBAN - VALENCE D'AGEN,MONTAUBAN,VALENCE D'AGEN,45,"0,000527327271022781",0
SETE - TARASCON,SETE,TARASCON,45,"0,000527327271022781",0
GRAND COMBE LA PISE - NIMES,GRAND COMBE LA PISE,NIMES,44,"0,000515608887222274",0
LONGAGES - NOê - SAINT-AGNE,LONGAGES,NOê,44,"0,000515608887222274",0
MONTRêJEAU - GOURDAN-POLIGNAN - TARBES,MONTRêJEAU,GOURDAN-POLIGNAN,44,"0,000515608887222274",0
PINS JUSTARET - SAINT-AGNE,PINS JUSTARET,SAINT-AGNE,44,"0,000515608887222274",0
SAINT-AGNE - SAVERDUN,SAINT-AGNE,SAVERDUN,44,"0,000515608887222274",0
AX LES THERMES - FOIX,AX LES THERMES,FOIX,43,"0,000503890503421768",0
FOIX - PORTET SAINT-SIMON,FOIX,PORTET SAINT-SIMON,43,"0,000503890503421768",0
MONTRêJEAU - GOURDAN-POLIGNAN - SAINT-AGNE,MONTRêJEAU,GOURDAN-POLIGNAN,43,"0,000503890503421768",0
AGEN - CASTELSARRASIN,AGEN,CASTELSARRASIN,42,"0,000492172119621262",0
COARRAZE - NAY - TOULOUSE MATABIAU,COARRAZE,NAY,42,"0,000492172119621262",0
COLOMIERS - SAINT-CYPRIEN AR‘NES,COLOMIERS,SAINT-CYPRIEN AR‘NES,42,"0,000492172119621262",0
FRONTIGNAN - TOULOUSE MATABIAU,FRONTIGNAN,TOULOUSE MATABIAU,42,"0,000492172119621262",0
SALSES - TOULOUSE MATABIAU,SALSES,TOULOUSE MATABIAU,42,"0,000492172119621262",0
AUCH - L'ISLE JOURDAIN,AUCH,L'ISLE JOURDAIN,41,"0,000480453735820756",0
BRAM - NARBONNE,BRAM,NARBONNE,41,"0,000480453735820756",0
SAINT-AGNE - TARASCON SUR ARIEGE,SAINT-AGNE,TARASCON SUR ARIEGE,41,"0,000480453735820756",0
AGDE - TOULOUSE MATABIAU,AGDE,TOULOUSE MATABIAU,40,"0,000468735352020249",0
AVIGNON CENTRE - FRONTIGNAN,AVIGNON CENTRE,FRONTIGNAN,40,"0,000468735352020249",0
LAMAGISTERE - TOULOUSE MATABIAU,LAMAGISTERE,TOULOUSE MATABIAU,40,"0,000468735352020249",0
LES CABANNES - TOULOUSE MATABIAU,LES CABANNES,TOULOUSE MATABIAU,40,"0,000468735352020249",0
LEUCATE LA FRANQUI - PERPIGNAN,LEUCATE LA FRANQUI,PERPIGNAN,40,"0,000468735352020249",0
NIMES - VILLEFORT,NIMES,VILLEFORT,40,"0,000468735352020249",0
BAILLARGUES - PERPIGNAN,BAILLARGUES,PERPIGNAN,39,"0,000457016968219743",0
FIGEAC - RODEZ,FIGEAC,RODEZ,39,"0,000457016968219743",0
LOURDES - PAU,LOURDES,PAU,39,"0,000457016968219743",0
MARSSAC SUR TARN - TOULOUSE MATABIAU,MARSSAC SUR TARN,TOULOUSE MATABIAU,39,"0,000457016968219743",0
MONTAUBAN - SAINT-JORY,MONTAUBAN,SAINT-JORY,39,"0,000457016968219743",0
PORTE PUYMORENS - TOULOUSE MATABIAU,PORTE PUYMORENS,TOULOUSE MATABIAU,39,"0,000457016968219743",0
SETE - TOULOUSE MATABIAU,SETE,TOULOUSE MATABIAU,39,"0,000457016968219743",0
BOUSSENS - TARBES,BOUSSENS,TARBES,38,"0,000445298584419237",0
MONTPELLIER SAINT-ROCH - SALSES,MONTPELLIER SAINT-ROCH,SALSES,37,"0,000433580200618731",0
AX LES THERMES - SAINT-AGNE,AX LES THERMES,SAINT-AGNE,36,"0,000421861816818224",0
CARCASSONNE - LEUCATE LA FRANQUI,CARCASSONNE,LEUCATE LA FRANQUI,36,"0,000421861816818224",0
FRONTIGNAN - SETE,FRONTIGNAN,SETE,36,"0,000421861816818224",0
GAILLAC - RABASTENS - COUFOULEUX,GAILLAC,RABASTENS,36,"0,000421861816818224",0
SAINT JEAN DE VERGES - TOULOUSE MATABIAU,SAINT JEAN DE VERGES,TOULOUSE MATABIAU,36,"0,000421861816818224",0
AUCH - GIMONT CAHUZAC,AUCH,GIMONT CAHUZAC,35,"0,000410143433017718",0
CASTRES - SAINT-SULPICE,CASTRES,SAINT-SULPICE,35,"0,000410143433017718",0
AUTERIVE - PORTET SAINT-SIMON,AUTERIVE,PORTET SAINT-SIMON,34,"0,000398425049217212",0
BAILLARGUES - NARBONNE,BAILLARGUES,NARBONNE,34,"0,000398425049217212",0
ELNE - NARBONNE,ELNE,NARBONNE,34,"0,000398425049217212",0
FRONTIGNAN - LUNEL,FRONTIGNAN,LUNEL,34,"0,000398425049217212",0
ALBI MADELEINE - RODEZ,ALBI MADELEINE,RODEZ,32,"0,0003749882816162",0
AUCH - COLOMIERS LYCEE INTERNATIONAL,AUCH,COLOMIERS LYCEE INTERNATIONAL,32,"0,0003749882816162",0
BEZIERS - NIMES PONT DU GARD,BEZIERS,NIMES PONT DU GARD,32,"0,0003749882816162",0
FOIX - TARASCON SUR ARIEGE,FOIX,TARASCON SUR ARIEGE,32,"0,0003749882816162",0
NIMES - RIVESALTES,NIMES,RIVESALTES,32,"0,0003749882816162",0
PERPIGNAN - RIVESALTES,PERPIGNAN,RIVESALTES,32,"0,0003749882816162",0
SAINT-AGNE - VENERQUE - LE VERNET,SAINT-AGNE,VENERQUE,32,"0,0003749882816162",0
BEZIERS - COLLIOURE,BEZIERS,COLLIOURE,31,"0,000363269897815693",0
GAILLAC - SAINT-SULPICE,GAILLAC,SAINT-SULPICE,31,"0,000363269897815693",0
LOURDES - TARBES,LOURDES,TARBES,31,"0,000363269897815693",0
LUZENAC GARANOU - TOULOUSE MATABIAU,LUZENAC GARANOU,TOULOUSE MATABIAU,31,"0,000363269897815693",0
PAMIERS - SAVERDUN,PAMIERS,SAVERDUN,31,"0,000363269897815693",0
ALBI - LISLE SUR TARN,ALBI,LISLE SUR TARN,30,"0,000351551514015187",0
BOUSSENS - MURET,BOUSSENS,MURET,30,"0,000351551514015187",0
LAVILLEDIEU - MONTAUBAN,LAVILLEDIEU,MONTAUBAN,30,"0,000351551514015187",0
NIMES - PONT SAINT ESPRIT,NIMES,PONT SAINT ESPRIT,30,"0,000351551514015187",0
AUCH - COLOMIERS,AUCH,COLOMIERS,29,"0,000339833130214681",0
BAGNOLS SUR CEZE - NIMES,BAGNOLS SUR CEZE,NIMES,29,"0,000339833130214681",0
CAPDENAC - RODEZ,CAPDENAC,RODEZ,29,"0,000339833130214681",0
CERBERE - NARBONNE,CERBERE,NARBONNE,29,"0,000339833130214681",0
COLOMIERS - SAINT-AGNE,COLOMIERS,SAINT-AGNE,29,"0,000339833130214681",0
COLOMIERS LYCEE INTERNATIONAL - TOULOUSE MATABIAU,COLOMIERS LYCEE INTERNATIONAL,TOULOUSE MATABIAU,29,"0,000339833130214681",0
LANNEMEZAN - SAINT-AGNE,LANNEMEZAN,SAINT-AGNE,29,"0,000339833130214681",0
PERPIGNAN - PORT LA NOUVELLE,PERPIGNAN,PORT LA NOUVELLE,29,"0,000339833130214681",0
ALES - GENOLHAC,ALES,GENOLHAC,28,"0,000328114746414175",0
ALES - LA BASTIDE ST LAURENT L BAINS,ALES,LA BASTIDE ST LAURENT L BAINS,28,"0,000328114746414175",0
ARGELES SUR MER - CARCASSONNE,ARGELES SUR MER,CARCASSONNE,28,"0,000328114746414175",0
BEZIERS - PORT BOU FRONTIERE,BEZIERS,PORT BOU FRONTIERE,28,"0,000328114746414175",0
CAZ‘RES - TARBES,CAZ‘RES,TARBES,28,"0,000328114746414175",0
NARBONNE - TARASCON,NARBONNE,TARASCON,28,"0,000328114746414175",0
SALLES COURBATIERS - TOULOUSE MATABIAU,SALLES COURBATIERS,TOULOUSE MATABIAU,28,"0,000328114746414175",0
AGDE - VERG‘ZE - CODOGNAN,AGDE,VERG‘ZE,27,"0,000316396362613668",0
BAILLARGUES - BEZIERS,BAILLARGUES,BEZIERS,27,"0,000316396362613668",0
SAINT-AGNE - TOURNAY,SAINT-AGNE,TOURNAY,27,"0,000316396362613668",0
AGDE - LUNEL,AGDE,LUNEL,26,"0,000304677978813162",0
ALBI MADELEINE - CARMAUX,ALBI MADELEINE,CARMAUX,26,"0,000304677978813162",0
BEAUCAIRE - NIMES,BEAUCAIRE,NIMES,26,"0,000304677978813162",0
BOUSSENS - SAINT-GAUDENS,BOUSSENS,SAINT-GAUDENS,26,"0,000304677978813162",0
CARCASSONNE - LêZIGNAN (AUDE),CARCASSONNE,LêZIGNAN (AUDE),26,"0,000304677978813162",0
CARMAUX - RODEZ,CARMAUX,RODEZ,26,"0,000304677978813162",0
FAUGA - SAINT-AGNE,FAUGA,SAINT-AGNE,26,"0,000304677978813162",0
LABEGE INNOPOLE - TOULOUSE MATABIAU,LABEGE INNOPOLE,TOULOUSE MATABIAU,26,"0,000304677978813162",0
LEUCATE LA FRANQUI - SETE,LEUCATE LA FRANQUI,SETE,26,"0,000304677978813162",0
MONTPELLIER SAINT-ROCH - VILLENEUVE LES MAGUELONNE,MONTPELLIER SAINT-ROCH,VILLENEUVE LES MAGUELONNE,26,"0,000304677978813162",0
PAMIERS - PORTET SAINT-SIMON,PAMIERS,PORTET SAINT-SIMON,26,"0,000304677978813162",0
PAU - SAINT-AGNE,PAU,SAINT-AGNE,26,"0,000304677978813162",0
PORTET SAINT-SIMON - SAINT-AGNE,PORTET SAINT-SIMON,SAINT-AGNE,26,"0,000304677978813162",0
ALBI - RABASTENS - COUFOULEUX,ALBI,RABASTENS,25,"0,000292959595012656",0
LêZIGNAN (AUDE) - PERPIGNAN,LêZIGNAN (AUDE),PERPIGNAN,25,"0,000292959595012656",0
NARBONNE - VILLEFRANCHE DE LAURAGAIS,NARBONNE,VILLEFRANCHE DE LAURAGAIS,25,"0,000292959595012656",0
NIMES - PORT BOU FRONTIERE,NIMES,PORT BOU FRONTIERE,25,"0,000292959595012656",0
AGDE - NIMES PONT DU GARD,AGDE,NIMES PONT DU GARD,24,"0,00028124121121215",0
AUTERIVE - PINS JUSTARET,AUTERIVE,PINS JUSTARET,24,"0,00028124121121215",0
CARCASSONNE - PORT LA NOUVELLE,CARCASSONNE,PORT LA NOUVELLE,24,"0,00028124121121215",0
GOURDON - MONTAUBAN,GOURDON,MONTAUBAN,24,"0,00028124121121215",0
MONTRêJEAU - GOURDAN-POLIGNAN - MURET,MONTRêJEAU,GOURDAN-POLIGNAN,24,"0,00028124121121215",0
NARBONNE - PORT VENDRES VILLE,NARBONNE,PORT VENDRES VILLE,24,"0,00028124121121215",0
NARBONNE - VERG‘ZE - CODOGNAN,NARBONNE,VERG‘ZE,24,"0,00028124121121215",0
NIMES PONT DU GARD - VERG‘ZE - CODOGNAN,NIMES PONT DU GARD,VERG‘ZE,24,"0,00028124121121215",0
ALES - MENDE,ALES,MENDE,23,"0,000269522827411643",0
ARGELES SUR MER - NIMES,ARGELES SUR MER,NIMES,23,"0,000269522827411643",0
BEZIERS - RIVESALTES,BEZIERS,RIVESALTES,23,"0,000269522827411643",0
BOLQUERE EYNE - VILLEFRANCHE VERNET LES BAINS,BOLQUERE EYNE,VILLEFRANCHE VERNET LES BAINS,23,"0,000269522827411643",0
LALBENQUE FONTANES - MONTAUBAN,LALBENQUE FONTANES,MONTAUBAN,23,"0,000269522827411643",0
LUNEL - NIMES PONT DU GARD,LUNEL,NIMES PONT DU GARD,23,"0,000269522827411643",0
PIBRAC - SAINT-CYPRIEN AR‘NES,PIBRAC,SAINT-CYPRIEN AR‘NES,23,"0,000269522827411643",0
SAILLAGOUSE - VILLEFRANCHE VERNET LES BAINS,SAILLAGOUSE,VILLEFRANCHE VERNET LES BAINS,23,"0,000269522827411643",0
TARBES - TOURNAY,TARBES,TOURNAY,23,"0,000269522827411643",0
BARAQUEVILLE CARCENAC PEYRALES - RODEZ,BARAQUEVILLE CARCENAC PEYRALES,RODEZ,22,"0,000257804443611137",0
CAHORS - GOURDON,CAHORS,GOURDON,22,"0,000257804443611137",0
CARCASSONNE - ESCALQUENS,CARCASSONNE,ESCALQUENS,22,"0,000257804443611137",0
CASTRES - LAVAUR,CASTRES,LAVAUR,22,"0,000257804443611137",0
CERBERE - MONTPELLIER SAINT-ROCH,CERBERE,MONTPELLIER SAINT-ROCH,22,"0,000257804443611137",0
LACOURTENSOURT - MONTAUBAN,LACOURTENSOURT,MONTAUBAN,22,"0,000257804443611137",0
PIBRAC - SAINT-AGNE,PIBRAC,SAINT-AGNE,22,"0,000257804443611137",0
PORT BOU FRONTIERE - SETE,PORT BOU FRONTIERE,SETE,22,"0,000257804443611137",0
AX LES THERMES - LATOUR DE CAROL ENVEITG,AX LES THERMES,LATOUR DE CAROL ENVEITG,21,"0,000246086059810631",0
AX LES THERMES - TARASCON SUR ARIEGE,AX LES THERMES,TARASCON SUR ARIEGE,21,"0,000246086059810631",0
BANYULS SUR MER - MONTPELLIER SAINT-ROCH,BANYULS SUR MER,MONTPELLIER SAINT-ROCH,21,"0,000246086059810631",0
BRIVE LA GAILLARDE - ROCAMADOUR PADIRAC,BRIVE LA GAILLARDE,ROCAMADOUR PADIRAC,21,"0,000246086059810631",0
BRIVE LA GAILLARDE - SOUILLAC,BRIVE LA GAILLARDE,SOUILLAC,21,"0,000246086059810631",0
CARBONNE - MURET,CARBONNE,MURET,21,"0,000246086059810631",0
CASTELNAU D'ESTRETEFONDS - MONTAUBAN,CASTELNAU D'ESTRETEFONDS,MONTAUBAN,21,"0,000246086059810631",0
ELNE - PERPIGNAN,ELNE,PERPIGNAN,21,"0,000246086059810631",0
LOURDES - SAINT-AGNE,LOURDES,SAINT-AGNE,21,"0,000246086059810631",0
THUES CARANCA - VILLEFRANCHE VERNET LES BAINS,THUES CARANCA,VILLEFRANCHE VERNET LES BAINS,21,"0,000246086059810631",0
ALES - GRAND COMBE LA PISE,ALES,GRAND COMBE LA PISE,20,"0,000234367676010125",0
AUBIET - TOULOUSE MATABIAU,AUBIET,TOULOUSE MATABIAU,20,"0,000234367676010125",0
BRAX - LêGUEVIN - SAINT-AGNE,BRAX,LêGUEVIN,20,"0,000234367676010125",0
BRIVE LA GAILLARDE - CAPDENAC,BRIVE LA GAILLARDE,CAPDENAC,20,"0,000234367676010125",0
BRIVE LA GAILLARDE - SAINT-DENIS-PRES-MARTEL,BRIVE LA GAILLARDE,SAINT-DENIS-PRES-MARTEL,20,"0,000234367676010125",0
CARBONNE - TARBES,CARBONNE,TARBES,20,"0,000234367676010125",0
CAZ‘RES - MURET,CAZ‘RES,MURET,20,"0,000234367676010125",0
MONTRêJEAU - GOURDAN-POLIGNAN - SAINT-GAUDENS,MONTRêJEAU,GOURDAN-POLIGNAN,20,"0,000234367676010125",0
PAMIERS - TARASCON SUR ARIEGE,PAMIERS,TARASCON SUR ARIEGE,20,"0,000234367676010125",0
SAINT-AGNE - VARILHES,SAINT-AGNE,VARILHES,20,"0,000234367676010125",0
AGDE - BAILLARGUES,AGDE,BAILLARGUES,19,"0,000222649292209619",0
ALES - VILLEFORT,ALES,VILLEFORT,19,"0,000222649292209619",0
ARGELES SUR MER - CASTELNAUDARY,ARGELES SUR MER,CASTELNAUDARY,19,"0,000222649292209619",0
AVIGNON CENTRE - VERG‘ZE - CODOGNAN,AVIGNON CENTRE,VERG‘ZE,19,"0,000222649292209619",0
BAILLARGUES - LUNEL,BAILLARGUES,LUNEL,19,"0,000222649292209619",0
BRIVE LA GAILLARDE - GOURDON,BRIVE LA GAILLARDE,GOURDON,19,"0,000222649292209619",0
CARMAUX - GAILLAC,CARMAUX,GAILLAC,19,"0,000222649292209619",0
CINTEGABELLE - SAINT-AGNE,CINTEGABELLE,SAINT-AGNE,19,"0,000222649292209619",0
COLOMIERS LYCEE INTERNATIONAL - SAINT-CYPRIEN AR‘NES,COLOMIERS LYCEE INTERNATIONAL,SAINT-CYPRIEN AR‘NES,19,"0,000222649292209619",0
GRISOLLES - MONTAUBAN,GRISOLLES,MONTAUBAN,19,"0,000222649292209619",0
LABEGE INNOPOLE - NARBONNE,LABEGE INNOPOLE,NARBONNE,19,"0,000222649292209619",0
LOURDES - MURET,LOURDES,MURET,19,"0,000222649292209619",0
MONTPELLIER SAINT-ROCH - PORT VENDRES VILLE,MONTPELLIER SAINT-ROCH,PORT VENDRES VILLE,19,"0,000222649292209619",0
PORTET SAINT-SIMON - TARASCON SUR ARIEGE,PORTET SAINT-SIMON,TARASCON SUR ARIEGE,19,"0,000222649292209619",0
ARGELES SUR MER - COLLIOURE,ARGELES SUR MER,COLLIOURE,18,"0,000210930908409112",0
CASTELSARRASIN - VALENCE D'AGEN,CASTELSARRASIN,VALENCE D'AGEN,18,"0,000210930908409112",0
CASTRES - MAZAMET,CASTRES,MAZAMET,18,"0,000210930908409112",0
GAILLAC - RODEZ,GAILLAC,RODEZ,18,"0,000210930908409112",0
LATOUR DE CAROL ENVEITG - MONT LOUIS LA CABANASSE,LATOUR DE CAROL ENVEITG,MONT LOUIS LA CABANASSE,18,"0,000210930908409112",0
LAVAUR - SAINT-SULPICE,LAVAUR,SAINT-SULPICE,18,"0,000210930908409112",0
LUNEL - RIVESALTES,LUNEL,RIVESALTES,18,"0,000210930908409112",0
NARBONNE - NIMES PONT DU GARD,NARBONNE,NIMES PONT DU GARD,18,"0,000210930908409112",0
PAU - SAINT-GAUDENS,PAU,SAINT-GAUDENS,18,"0,000210930908409112",0
ALBI MADELEINE - GAILLAC,ALBI MADELEINE,GAILLAC,17,"0,000199212524608606",0
ARGELES SUR MER - BANYULS SUR MER,ARGELES SUR MER,BANYULS SUR MER,17,"0,000199212524608606",0
ARGELES SUR MER - BEZIERS,ARGELES SUR MER,BEZIERS,17,"0,000199212524608606",0
ASSIER - BRIVE LA GAILLARDE,ASSIER,BRIVE LA GAILLARDE,17,"0,000199212524608606",0
AUTERIVE - FOIX,AUTERIVE,FOIX,17,"0,000199212524608606",0
AUTERIVE - PAMIERS,AUTERIVE,PAMIERS,17,"0,000199212524608606",0
BRAM - LABEGE INNOPOLE,BRAM,LABEGE INNOPOLE,17,"0,000199212524608606",0
BRIVE LA GAILLARDE - GRAMAT,BRIVE LA GAILLARDE,GRAMAT,17,"0,000199212524608606",0
CASTELNAUDARY - LABEGE INNOPOLE,CASTELNAUDARY,LABEGE INNOPOLE,17,"0,000199212524608606",0
GIMONT CAHUZAC - SAINT-CYPRIEN AR‘NES,GIMONT CAHUZAC,SAINT-CYPRIEN AR‘NES,17,"0,000199212524608606",0
LANNEMEZAN - MURET,LANNEMEZAN,MURET,17,"0,000199212524608606",0
LONGAGES - NOê - MURET,LONGAGES,NOê,17,"0,000199212524608606",0
LOURDES - SAINT-GAUDENS,LOURDES,SAINT-GAUDENS,17,"0,000199212524608606",0
PERPIGNAN - PORT VENDRES VILLE,PERPIGNAN,PORT VENDRES VILLE,17,"0,000199212524608606",0
BAILLARGUES - VERG‘ZE - CODOGNAN,BAILLARGUES,VERG‘ZE,16,"0,0001874941408081",0
BANYULS SUR MER - COLLIOURE,BANYULS SUR MER,COLLIOURE,16,"0,0001874941408081",0
CAHORS - CAUSSADE,CAHORS,CAUSSADE,16,"0,0001874941408081",0
CAHORS - SAINT-JORY,CAHORS,SAINT-JORY,16,"0,0001874941408081",0
CHAMBORIGAUD - NIMES,CHAMBORIGAUD,NIMES,16,"0,0001874941408081",0
FOIX - PINS JUSTARET,FOIX,PINS JUSTARET,16,"0,0001874941408081",0
GAILLAC - VILLEFRANCHE DE ROUERGUE,GAILLAC,VILLEFRANCHE DE ROUERGUE,16,"0,0001874941408081",0
LABEGE INNOPOLE - PERPIGNAN,LABEGE INNOPOLE,PERPIGNAN,16,"0,0001874941408081",0
MAZAMET - SAINT-SULPICE,MAZAMET,SAINT-SULPICE,16,"0,0001874941408081",0
MONTRABE - TOULOUSE MATABIAU,MONTRABE,TOULOUSE MATABIAU,16,"0,0001874941408081",0
NAUCELLE - RODEZ,NAUCELLE,RODEZ,16,"0,0001874941408081",0
NIMES PONT DU GARD - PERPIGNAN,NIMES PONT DU GARD,PERPIGNAN,16,"0,0001874941408081",0
PERPIGNAN - SALSES,PERPIGNAN,SALSES,16,"0,0001874941408081",0
AUCH - PIBRAC,AUCH,PIBRAC,15,"0,000175775757007594",0
AUTERIVE - CINTEGABELLE,AUTERIVE,CINTEGABELLE,15,"0,000175775757007594",0
AVIGNONET - TOULOUSE MATABIAU,AVIGNONET,TOULOUSE MATABIAU,15,"0,000175775757007594",0
BAILLARGUES - NIMES PONT DU GARD,BAILLARGUES,NIMES PONT DU GARD,15,"0,000175775757007594",0
BEAUCAIRE - SETE,BEAUCAIRE,SETE,15,"0,000175775757007594",0
BEZIERS - TARASCON,BEZIERS,TARASCON,15,"0,000175775757007594",0
BRIVE LA GAILLARDE - VIVIEZ DECAZEVILLE,BRIVE LA GAILLARDE,VIVIEZ DECAZEVILLE,15,"0,000175775757007594",0
CAPVERN - TOULOUSE MATABIAU,CAPVERN,TOULOUSE MATABIAU,15,"0,000175775757007594",0
CARCASSONNE - ELNE,CARCASSONNE,ELNE,15,"0,000175775757007594",0
CASTELNAUDARY - COLLIOURE,CASTELNAUDARY,COLLIOURE,15,"0,000175775757007594",0
CASTRES - MONTRABE,CASTRES,MONTRABE,15,"0,000175775757007594",0
COLLIOURE - ELNE,COLLIOURE,ELNE,15,"0,000175775757007594",0
COLLIOURE - PORT VENDRES VILLE,COLLIOURE,PORT VENDRES VILLE,15,"0,000175775757007594",0
GIMONT CAHUZAC - SAINT-AGNE,GIMONT CAHUZAC,SAINT-AGNE,15,"0,000175775757007594",0
LABEGE INNOPOLE - VILLEFRANCHE DE LAURAGAIS,LABEGE INNOPOLE,VILLEFRANCHE DE LAURAGAIS,15,"0,000175775757007594",0
MONTAUBAN - SOUILLAC,MONTAUBAN,SOUILLAC,15,"0,000175775757007594",0
NIMES PONT DU GARD - SETE,NIMES PONT DU GARD,SETE,15,"0,000175775757007594",0
NIMES PONT DU GARD - TARASCON,NIMES PONT DU GARD,TARASCON,15,"0,000175775757007594",0
PAMIERS - VARILHES,PAMIERS,VARILHES,15,"0,000175775757007594",0
AGDE - PORT BOU FRONTIERE,AGDE,PORT BOU FRONTIERE,14,"0,000164057373207087",0
AVIGNON CENTRE - COLLIOURE,AVIGNON CENTRE,COLLIOURE,14,"0,000164057373207087",0
BAILLARGUES - FRONTIGNAN,BAILLARGUES,FRONTIGNAN,14,"0,000164057373207087",0
BANYULS SUR MER - NIMES,BANYULS SUR MER,NIMES,14,"0,000164057373207087",0
CAHORS - LACOURTENSOURT,CAHORS,LACOURTENSOURT,14,"0,000164057373207087",0
CARCASSONNE - VILLEFRANCHE DE LAURAGAIS,CARCASSONNE,VILLEFRANCHE DE LAURAGAIS,14,"0,000164057373207087",0
CERBERE - SETE,CERBERE,SETE,14,"0,000164057373207087",0
COLLIOURE - LEUCATE LA FRANQUI,COLLIOURE,LEUCATE LA FRANQUI,14,"0,000164057373207087",0
COLLIOURE - RIVESALTES,COLLIOURE,RIVESALTES,14,"0,000164057373207087",0
ESCALQUENS - PERPIGNAN,ESCALQUENS,PERPIGNAN,14,"0,000164057373207087",0
ESCALQUENS - TOULOUSE MATABIAU,ESCALQUENS,TOULOUSE MATABIAU,14,"0,000164057373207087",0
FOIX - LATOUR DE CAROL ENVEITG,FOIX,LATOUR DE CAROL ENVEITG,14,"0,000164057373207087",0
FONTPEDROUSE ST THOMAS L BAINS - VILLEFRANCHE VERNET LES BAINS,FONTPEDROUSE ST THOMAS L BAINS,VILLEFRANCHE VERNET LES BAINS,14,"0,000164057373207087",0
LUNEL - TOULOUSE MATABIAU,LUNEL,TOULOUSE MATABIAU,14,"0,000164057373207087",0
LUNEL - VERG‘ZE - CODOGNAN,LUNEL,VERG‘ZE,14,"0,000164057373207087",0
MONTAUBAN - MONTBARTIER,MONTAUBAN,MONTBARTIER,14,"0,000164057373207087",0
MONTPELLIER SAINT-ROCH - SAINT-CêSAIRE,MONTPELLIER SAINT-ROCH,SAINT-CêSAIRE,14,"0,000164057373207087",0
MONTPELLIER SAINT-ROCH - VALERGUES - LANSARGUES,MONTPELLIER SAINT-ROCH,VALERGUES,14,"0,000164057373207087",0
ARGELES SUR MER - AVIGNON CENTRE,ARGELES SUR MER,AVIGNON CENTRE,13,"0,000152338989406581",0
BOUSSENS - PORTET SAINT-SIMON,BOUSSENS,PORTET SAINT-SIMON,13,"0,000152338989406581",0
BRAM - CASTELNAUDARY,BRAM,CASTELNAUDARY,13,"0,000152338989406581",0
CAZ‘RES - MONTRêJEAU - GOURDAN-POLIGNAN,CAZ‘RES,MONTRêJEAU,13,"0,000152338989406581",0
DIEUPENTALE - MONTAUBAN,DIEUPENTALE,MONTAUBAN,13,"0,000152338989406581",0
ELNE - SETE,ELNE,SETE,13,"0,000152338989406581",0
FONT ROMEU ODEILLO VIA - LATOUR DE CAROL ENVEITG,FONT ROMEU ODEILLO VIA,LATOUR DE CAROL ENVEITG,13,"0,000152338989406581",0
MONTPELLIER SAINT-ROCH - SAINT-AUN‘S,MONTPELLIER SAINT-ROCH,SAINT-AUN‘S,13,"0,000152338989406581",0
NARBONNE - SALSES,NARBONNE,SALSES,13,"0,000152338989406581",0
OSSEJA - VILLEFRANCHE VERNET LES BAINS,OSSEJA,VILLEFRANCHE VERNET LES BAINS,13,"0,000152338989406581",0
AGEN - LAMAGISTERE,AGEN,LAMAGISTERE,12,"0,000140620605606075",0
ANDORRE - L'HOSPITALET - SAINT-AGNE,ANDORRE,L'HOSPITALET,12,"0,000140620605606075",0
AUTERIVE - AX LES THERMES,AUTERIVE,AX LES THERMES,12,"0,000140620605606075",0
AUTERIVE - SAVERDUN,AUTERIVE,SAVERDUN,12,"0,000140620605606075",0
AX LES THERMES - PAMIERS,AX LES THERMES,PAMIERS,12,"0,000140620605606075",0
CAHORS - LALBENQUE FONTANES,CAHORS,LALBENQUE FONTANES,12,"0,000140620605606075",0
CAHORS - SOUILLAC,CAHORS,SOUILLAC,12,"0,000140620605606075",0
CARCASSONNE - RIVESALTES,CARCASSONNE,RIVESALTES,12,"0,000140620605606075",0
CARMAUX - SAINT-SULPICE,CARMAUX,SAINT-SULPICE,12,"0,000140620605606075",0
CERBERE - LEUCATE LA FRANQUI,CERBERE,LEUCATE LA FRANQUI,12,"0,000140620605606075",0
CINTEGABELLE - PAMIERS,CINTEGABELLE,PAMIERS,12,"0,000140620605606075",0
COLLIOURE - MONTAUDRAN,COLLIOURE,MONTAUDRAN,12,"0,000140620605606075",0
FOIX - LUZENAC GARANOU,FOIX,LUZENAC GARANOU,12,"0,000140620605606075",0
GRAGNAGUE - TOULOUSE MATABIAU,GRAGNAGUE,TOULOUSE MATABIAU,12,"0,000140620605606075",0
LAMAGISTERE - MONTAUBAN,LAMAGISTERE,MONTAUBAN,12,"0,000140620605606075",0
LANGOGNE - NIMES,LANGOGNE,NIMES,12,"0,000140620605606075",0
LAVAUR - MAZAMET,LAVAUR,MAZAMET,12,"0,000140620605606075",0
MONT LOUIS LA CABANASSE - OLETTE CANAVEILLES LES BAINS,MONT LOUIS LA CABANASSE,OLETTE CANAVEILLES LES BAINS,12,"0,000140620605606075",0
PORT BOU FRONTIERE - RIVESALTES,PORT BOU FRONTIERE,RIVESALTES,12,"0,000140620605606075",0
RODEZ - SAINT-SULPICE,RODEZ,SAINT-SULPICE,12,"0,000140620605606075",0
SETE - VILLENEUVE LES MAGUELONNE,SETE,VILLENEUVE LES MAGUELONNE,12,"0,000140620605606075",0
TOULOUSE MATABIAU - VERG‘ZE - CODOGNAN,TOULOUSE MATABIAU,VERG‘ZE,12,"0,000140620605606075",0
ALBI MADELEINE - SAINT-SULPICE,ALBI MADELEINE,SAINT-SULPICE,11,"0,000128902221805569",0
ALES - LANGOGNE,ALES,LANGOGNE,11,"0,000128902221805569",0
ARGELES SUR MER - PORT BOU FRONTIERE,ARGELES SUR MER,PORT BOU FRONTIERE,11,"0,000128902221805569",0
AVIGNON CENTRE - BEAUCAIRE,AVIGNON CENTRE,BEAUCAIRE,11,"0,000128902221805569",0
BAILLARGUES - RIVESALTES,BAILLARGUES,RIVESALTES,11,"0,000128902221805569",0
BEAUCAIRE - NARBONNE,BEAUCAIRE,NARBONNE,11,"0,000128902221805569",0
CARCASSONNE - PORT BOU FRONTIERE,CARCASSONNE,PORT BOU FRONTIERE,11,"0,000128902221805569",0
CASTELNAUDARY - PORT LA NOUVELLE,CASTELNAUDARY,PORT LA NOUVELLE,11,"0,000128902221805569",0
FOIX - SAVERDUN,FOIX,SAVERDUN,11,"0,000128902221805569",0
LACOURTENSOURT - TOULOUSE MATABIAU,LACOURTENSOURT,TOULOUSE MATABIAU,11,"0,000128902221805569",0
LANNEMEZAN - PAU,LANNEMEZAN,PAU,11,"0,000128902221805569",0
LATOUR DE CAROL ENVEITG - VARILHES,LATOUR DE CAROL ENVEITG,VARILHES,11,"0,000128902221805569",0
LêZIGNAN (AUDE) - PORT LA NOUVELLE,LêZIGNAN (AUDE),PORT LA NOUVELLE,11,"0,000128902221805569",0
MARSEILLAN PLAGE - MONTPELLIER SAINT-ROCH,MARSEILLAN PLAGE,MONTPELLIER SAINT-ROCH,11,"0,000128902221805569",0
MONTAUDRAN - NARBONNE,MONTAUDRAN,NARBONNE,11,"0,000128902221805569",0
MURET - PAU,MURET,PAU,11,"0,000128902221805569",0
AGDE - BEAUCAIRE,AGDE,BEAUCAIRE,10,"0,000117183838005062",0
AGDE - COLLIOURE,AGDE,COLLIOURE,10,"0,000117183838005062",0
ARGELES SUR MER - LUNEL,ARGELES SUR MER,LUNEL,10,"0,000117183838005062",0
ARGELES SUR MER - PORT LA NOUVELLE,ARGELES SUR MER,PORT LA NOUVELLE,10,"0,000117183838005062",0
AUCH - BRAX - LêGUEVIN,AUCH,BRAX,10,"0,000117183838005062",0
BANYULS SUR MER - ESCALQUENS,BANYULS SUR MER,ESCALQUENS,10,"0,000117183838005062",0
BANYULS SUR MER - LEUCATE LA FRANQUI,BANYULS SUR MER,LEUCATE LA FRANQUI,10,"0,000117183838005062",0
BAZIEGE - NARBONNE,BAZIEGE,NARBONNE,10,"0,000117183838005062",0
BOUSSENS - CAZ‘RES,BOUSSENS,CAZ‘RES,10,"0,000117183838005062",0
BRAM - PERPIGNAN,BRAM,PERPIGNAN,10,"0,000117183838005062",0
CAPDENAC - GAILLAC,CAPDENAC,GAILLAC,10,"0,000117183838005062",0
CAPDENAC - VILLEFRANCHE DE ROUERGUE,CAPDENAC,VILLEFRANCHE DE ROUERGUE,10,"0,000117183838005062",0
CARBONNE - CAZ‘RES,CARBONNE,CAZ‘RES,10,"0,000117183838005062",0
CAZ‘RES - LANNEMEZAN,CAZ‘RES,LANNEMEZAN,10,"0,000117183838005062",0
COLLIOURE - PORT LA NOUVELLE,COLLIOURE,PORT LA NOUVELLE,10,"0,000117183838005062",0
ELNE - NIMES,ELNE,NIMES,10,"0,000117183838005062",0
FONT ROMEU ODEILLO VIA - MONT LOUIS LA CABANASSE,FONT ROMEU ODEILLO VIA,MONT LOUIS LA CABANASSE,10,"0,000117183838005062",0
LUNEL - PORT LA NOUVELLE,LUNEL,PORT LA NOUVELLE,10,"0,000117183838005062",0
LUZENAC GARANOU - TARASCON SUR ARIEGE,LUZENAC GARANOU,TARASCON SUR ARIEGE,10,"0,000117183838005062",0
MARTRES TOLOSANE - PORTET SAINT-SIMON,MARTRES TOLOSANE,PORTET SAINT-SIMON,10,"0,000117183838005062",0
MONTAUDRAN - PERPIGNAN,MONTAUDRAN,PERPIGNAN,10,"0,000117183838005062",0
MONTPELLIER SAINT-ROCH - VIAS,MONTPELLIER SAINT-ROCH,VIAS,10,"0,000117183838005062",0
NIMES - PORT LA NOUVELLE,NIMES,PORT LA NOUVELLE,10,"0,000117183838005062",0
PINS JUSTARET - SAVERDUN,PINS JUSTARET,SAVERDUN,10,"0,000117183838005062",0
PORTE PUYMORENS - SAINT-AGNE,PORTE PUYMORENS,SAINT-AGNE,10,"0,000117183838005062",0
RIVESALTES - SETE,RIVESALTES,SETE,10,"0,000117183838005062",0
RODEZ - VIVIEZ DECAZEVILLE,RODEZ,VIVIEZ DECAZEVILLE,10,"0,000117183838005062",0
TESSONNIERES - TOULOUSE MATABIAU,TESSONNIERES,TOULOUSE MATABIAU,10,"0,000117183838005062",0
AGDE - CARCASSONNE,AGDE,CARCASSONNE,9,"0,000105465454204556",0
ARGELES SUR MER - CERBERE,ARGELES SUR MER,CERBERE,9,"0,000105465454204556",0
ARGELES SUR MER - SETE,ARGELES SUR MER,SETE,9,"0,000105465454204556",0
AUBIET - SAINT-CYPRIEN AR‘NES,AUBIET,SAINT-CYPRIEN AR‘NES,9,"0,000105465454204556",0
AX LES THERMES - PORTET SAINT-SIMON,AX LES THERMES,PORTET SAINT-SIMON,9,"0,000105465454204556",0
BOUSSENS - MARTRES TOLOSANE,BOUSSENS,MARTRES TOLOSANE,9,"0,000105465454204556",0
BRIVE LA GAILLARDE - ST CHRISTOPHE,BRIVE LA GAILLARDE,ST CHRISTOPHE,9,"0,000105465454204556",0
CARCASSONNE - MONTAUDRAN,CARCASSONNE,MONTAUDRAN,9,"0,000105465454204556",0
CASTELNAUDARY - LEUCATE LA FRANQUI,CASTELNAUDARY,LEUCATE LA FRANQUI,9,"0,000105465454204556",0
CASTELNAUDARY - LêZIGNAN (AUDE),CASTELNAUDARY,LêZIGNAN (AUDE),9,"0,000105465454204556",0
CASTRES - MONTASTRUC LA CONSEILLERE,CASTRES,MONTASTRUC LA CONSEILLERE,9,"0,000105465454204556",0
CHASSERADES - NIMES,CHASSERADES,NIMES,9,"0,000105465454204556",0
COLOMIERS - L'ISLE JOURDAIN,COLOMIERS,L'ISLE JOURDAIN,9,"0,000105465454204556",0
COLOMIERS LYCEE INTERNATIONAL - SAINT-AGNE,COLOMIERS LYCEE INTERNATIONAL,SAINT-AGNE,9,"0,000105465454204556",0
ESCALQUENS - NARBONNE,ESCALQUENS,NARBONNE,9,"0,000105465454204556",0
FONT ROMEU ODEILLO VIA - FONTPEDROUSE ST THOMAS L BAINS,FONT ROMEU ODEILLO VIA,FONTPEDROUSE ST THOMAS L BAINS,9,"0,000105465454204556",0
GAILLAC - GRAGNAGUE,GAILLAC,GRAGNAGUE,9,"0,000105465454204556",0
LATOUR DE CAROL ENVEITG - PAMIERS,LATOUR DE CAROL ENVEITG,PAMIERS,9,"0,000105465454204556",0
LES CAUQUILLOUS - TOULOUSE MATABIAU,LES CAUQUILLOUS,TOULOUSE MATABIAU,9,"0,000105465454204556",0
L'ISLE JOURDAIN - PIBRAC,L'ISLE JOURDAIN,PIBRAC,9,"0,000105465454204556",0
LUNEL - PORT BOU FRONTIERE,LUNEL,PORT BOU FRONTIERE,9,"0,000105465454204556",0
MARTRES TOLOSANE - SAINT-AGNE,MARTRES TOLOSANE,SAINT-AGNE,9,"0,000105465454204556",0
MURET - PORTET SAINT-SIMON,MURET,PORTET SAINT-SIMON,9,"0,000105465454204556",0
PERPIGNAN - VERG‘ZE - CODOGNAN,PERPIGNAN,VERG‘ZE,9,"0,000105465454204556",0
PERPIGNAN - VILLEFRANCHE DE LAURAGAIS,PERPIGNAN,VILLEFRANCHE DE LAURAGAIS,9,"0,000105465454204556",0
PORT BOU FRONTIERE - PORT LA NOUVELLE,PORT BOU FRONTIERE,PORT LA NOUVELLE,9,"0,000105465454204556",0
PORT BOU FRONTIERE - PORT VENDRES VILLE,PORT BOU FRONTIERE,PORT VENDRES VILLE,9,"0,000105465454204556",0
PORT LA NOUVELLE - SETE,PORT LA NOUVELLE,SETE,9,"0,000105465454204556",0
SAINT-AGNE - VERNET-D'ARIEGE,SAINT-AGNE,VERNET-D'ARIEGE,9,"0,000105465454204556",0
AGDE - FRONTIGNAN,AGDE,FRONTIGNAN,8,"9,37470704040499E-05",0
AGDE - TARASCON,AGDE,TARASCON,8,"9,37470704040499E-05",0
ALBI - BARAQUEVILLE CARCENAC PEYRALES,ALBI,BARAQUEVILLE CARCENAC PEYRALES,8,"9,37470704040499E-05",0
ALBI - NAUCELLE,ALBI,NAUCELLE,8,"9,37470704040499E-05",0
ALES - SAINT-GENI‘S-DE-MALGOIR‘S,ALES,SAINT-GENI‘S-DE-MALGOIR‘S,8,"9,37470704040499E-05",0
ARGELES SUR MER - FRONTIGNAN,ARGELES SUR MER,FRONTIGNAN,8,"9,37470704040499E-05",0
ASSIER - RODEZ,ASSIER,RODEZ,8,"9,37470704040499E-05",0
AUCH - GALLIENI CANCêROP‚LE,AUCH,GALLIENI CANCêROP‚LE,8,"9,37470704040499E-05",0
AVIGNON CENTRE - PORT LA NOUVELLE,AVIGNON CENTRE,PORT LA NOUVELLE,8,"9,37470704040499E-05",0
AVIGNON CENTRE - RIVESALTES,AVIGNON CENTRE,RIVESALTES,8,"9,37470704040499E-05",0
BAILLARGUES - PORT BOU FRONTIERE,BAILLARGUES,PORT BOU FRONTIERE,8,"9,37470704040499E-05",0
BAZIEGE - LEUCATE LA FRANQUI,BAZIEGE,LEUCATE LA FRANQUI,8,"9,37470704040499E-05",0
CAHORS - MONTBARTIER,CAHORS,MONTBARTIER,8,"9,37470704040499E-05",0
CARBONNE - MARTRES TOLOSANE,CARBONNE,MARTRES TOLOSANE,8,"9,37470704040499E-05",0
CARBONNE - SAINT-GAUDENS,CARBONNE,SAINT-GAUDENS,8,"9,37470704040499E-05",0
CARCASSONNE - NIMES,CARCASSONNE,NIMES,8,"9,37470704040499E-05",0
CARCASSONNE - PORT VENDRES VILLE,CARCASSONNE,PORT VENDRES VILLE,8,"9,37470704040499E-05",0
CARCASSONNE - SETE,CARCASSONNE,SETE,8,"9,37470704040499E-05",0
CARMAUX - RABASTENS - COUFOULEUX,CARMAUX,RABASTENS,8,"9,37470704040499E-05",0
CAZ‘RES - MARTRES TOLOSANE,CAZ‘RES,MARTRES TOLOSANE,8,"9,37470704040499E-05",0
CAZ‘RES - SAINT-GAUDENS,CAZ‘RES,SAINT-GAUDENS,8,"9,37470704040499E-05",0
CERBERE - COLLIOURE,CERBERE,COLLIOURE,8,"9,37470704040499E-05",0
COLLIOURE - LABEGE INNOPOLE,COLLIOURE,LABEGE INNOPOLE,8,"9,37470704040499E-05",0
COLOMIERS - GIMONT CAHUZAC,COLOMIERS,GIMONT CAHUZAC,8,"9,37470704040499E-05",0
FOIX - VERNET-D'ARIEGE,FOIX,VERNET-D'ARIEGE,8,"9,37470704040499E-05",0
GAILLAC - LISLE SUR TARN,GAILLAC,LISLE SUR TARN,8,"9,37470704040499E-05",0
LABEGE INNOPOLE - PORT LA NOUVELLE,LABEGE INNOPOLE,PORT LA NOUVELLE,8,"9,37470704040499E-05",0
LANNEMEZAN - SAINT-GAUDENS,LANNEMEZAN,SAINT-GAUDENS,8,"9,37470704040499E-05",0
LEUCATE LA FRANQUI - PORT LA NOUVELLE,LEUCATE LA FRANQUI,PORT LA NOUVELLE,8,"9,37470704040499E-05",0
LEUCATE LA FRANQUI - SALSES,LEUCATE LA FRANQUI,SALSES,8,"9,37470704040499E-05",0
LISLE SUR TARN - SAINT-SULPICE,LISLE SUR TARN,SAINT-SULPICE,8,"9,37470704040499E-05",0
LISLE SUR TARN - VILLEFRANCHE DE ROUERGUE,LISLE SUR TARN,VILLEFRANCHE DE ROUERGUE,8,"9,37470704040499E-05",0
LUC PRIMAUBE - RODEZ,LUC PRIMAUBE,RODEZ,8,"9,37470704040499E-05",0
MONT LOUIS LA CABANASSE - SAILLAGOUSE,MONT LOUIS LA CABANASSE,SAILLAGOUSE,8,"9,37470704040499E-05",0
MONTAUDRAN - PORT LA NOUVELLE,MONTAUDRAN,PORT LA NOUVELLE,8,"9,37470704040499E-05",0
OSSEJA - SAILLAGOUSE,OSSEJA,SAILLAGOUSE,8,"9,37470704040499E-05",0
PAMIERS - PINS JUSTARET,PAMIERS,PINS JUSTARET,8,"9,37470704040499E-05",0
PORT VENDRES VILLE - VILLEFRANCHE DE LAURAGAIS,PORT VENDRES VILLE,VILLEFRANCHE DE LAURAGAIS,8,"9,37470704040499E-05",0
PORTET SAINT-SIMON - VENERQUE - LE VERNET,PORTET SAINT-SIMON,VENERQUE,8,"9,37470704040499E-05",0
SALSES - VERG‘ZE - CODOGNAN,SALSES,VERG‘ZE,8,"9,37470704040499E-05",0
TOULOUSE MATABIAU - VILLENOUVELLE,TOULOUSE MATABIAU,VILLENOUVELLE,8,"9,37470704040499E-05",0
AVIGNON CENTRE - CERBERE,AVIGNON CENTRE,CERBERE,7,"8,20286866035436E-05",0
BAGNOLS SUR CEZE - PONT SAINT ESPRIT,BAGNOLS SUR CEZE,PONT SAINT ESPRIT,7,"8,20286866035436E-05",0
BAILLARGUES - VIC - MIREVAL,BAILLARGUES,VIC,7,"8,20286866035436E-05",0
BANYULS SUR MER - CARCASSONNE,BANYULS SUR MER,CARCASSONNE,7,"8,20286866035436E-05",0
BAZIEGE - CARCASSONNE,BAZIEGE,CARCASSONNE,7,"8,20286866035436E-05",0
BAZIEGE - LABEGE INNOPOLE,BAZIEGE,LABEGE INNOPOLE,7,"8,20286866035436E-05",0
BEAUCAIRE - BEZIERS,BEAUCAIRE,BEZIERS,7,"8,20286866035436E-05",0
BEZIERS - LEUCATE LA FRANQUI,BEZIERS,LEUCATE LA FRANQUI,7,"8,20286866035436E-05",0
BEZIERS - LêZIGNAN (AUDE),BEZIERS,LêZIGNAN (AUDE),7,"8,20286866035436E-05",0
BOUSSENS - MONTRêJEAU - GOURDAN-POLIGNAN,BOUSSENS,MONTRêJEAU,7,"8,20286866035436E-05",0
CAPDENAC - FIGEAC,CAPDENAC,FIGEAC,7,"8,20286866035436E-05",0
CARBONNE - PORTET SAINT-SIMON,CARBONNE,PORTET SAINT-SIMON,7,"8,20286866035436E-05",0
CAUSSADE - SAINT-JORY,CAUSSADE,SAINT-JORY,7,"8,20286866035436E-05",0
CERBERE - PORT BOU FRONTIERE,CERBERE,PORT BOU FRONTIERE,7,"8,20286866035436E-05",0
COARRAZE - NAY - TARBES,COARRAZE,NAY,7,"8,20286866035436E-05",0
COLLIOURE - SETE,COLLIOURE,SETE,7,"8,20286866035436E-05",0
ELNE - PORT LA NOUVELLE,ELNE,PORT LA NOUVELLE,7,"8,20286866035436E-05",0
ELNE - RIVESALTES,ELNE,RIVESALTES,7,"8,20286866035436E-05",0
ESCALQUENS - LEUCATE LA FRANQUI,ESCALQUENS,LEUCATE LA FRANQUI,7,"8,20286866035436E-05",0
FRONTIGNAN - NIMES PONT DU GARD,FRONTIGNAN,NIMES PONT DU GARD,7,"8,20286866035436E-05",0
LABRUGUIERE - SAINT-SULPICE,LABRUGUIERE,SAINT-SULPICE,7,"8,20286866035436E-05",0
LANNEMEZAN - LOURDES,LANNEMEZAN,LOURDES,7,"8,20286866035436E-05",0
LATOUR DE CAROL ENVEITG - PORTET SAINT-SIMON,LATOUR DE CAROL ENVEITG,PORTET SAINT-SIMON,7,"8,20286866035436E-05",0
LES RAMASSIERS - SAINT-CYPRIEN AR‘NES,LES RAMASSIERS,SAINT-CYPRIEN AR‘NES,7,"8,20286866035436E-05",0
MENDE - VILLEFORT,MENDE,VILLEFORT,7,"8,20286866035436E-05",0
MERENVIELLE - SAINT-CYPRIEN AR‘NES,MERENVIELLE,SAINT-CYPRIEN AR‘NES,7,"8,20286866035436E-05",0
MOISSAC - VALENCE D'AGEN,MOISSAC,VALENCE D'AGEN,7,"8,20286866035436E-05",0
NIMES - SALSES,NIMES,SALSES,7,"8,20286866035436E-05",0
SAINT-CYPRIEN AR‘NES - SAINT-MARTIN DU TOUCH,SAINT-CYPRIEN AR‘NES,SAINT-MARTIN DU TOUCH,7,"8,20286866035436E-05",0
SAINT-GAUDENS - TOURNAY,SAINT-GAUDENS,TOURNAY,7,"8,20286866035436E-05",0
TANUS - TOULOUSE MATABIAU,TANUS,TOULOUSE MATABIAU,7,"8,20286866035436E-05",0
ALBI - LUC PRIMAUBE,ALBI,LUC PRIMAUBE,6,"7,03103028030374E-05",0
ALBIAS - MONTAUBAN,ALBIAS,MONTAUBAN,6,"7,03103028030374E-05",0
ALES - CHAMBORIGAUD,ALES,CHAMBORIGAUD,6,"7,03103028030374E-05",0
ARGELES SUR MER - RIVESALTES,ARGELES SUR MER,RIVESALTES,6,"7,03103028030374E-05",0
AUBIN - RODEZ,AUBIN,RODEZ,6,"7,03103028030374E-05",0
AUTERIVE - TARASCON SUR ARIEGE,AUTERIVE,TARASCON SUR ARIEGE,6,"7,03103028030374E-05",0
BANYULS SUR MER - SALSES,BANYULS SUR MER,SALSES,6,"7,03103028030374E-05",0
BOUSSENS - CARBONNE,BOUSSENS,CARBONNE,6,"7,03103028030374E-05",0
BOUSSENS - PAU,BOUSSENS,PAU,6,"7,03103028030374E-05",0
BRAM - COLLIOURE,BRAM,COLLIOURE,6,"7,03103028030374E-05",0
CASTELNAU D'ESTRETEFONDS - MOISSAC,CASTELNAU D'ESTRETEFONDS,MOISSAC,6,"7,03103028030374E-05",0
CASTELNAUDARY - NIMES,CASTELNAUDARY,NIMES,6,"7,03103028030374E-05",0
CAUSSADE - GRISOLLES,CAUSSADE,GRISOLLES,6,"7,03103028030374E-05",0
COLLIOURE - ESCALQUENS,COLLIOURE,ESCALQUENS,6,"7,03103028030374E-05",0
COLLIOURE - PORT BOU FRONTIERE,COLLIOURE,PORT BOU FRONTIERE,6,"7,03103028030374E-05",0
COLLIOURE - SALSES,COLLIOURE,SALSES,6,"7,03103028030374E-05",0
COLLIOURE - VILLEFRANCHE DE LAURAGAIS,COLLIOURE,VILLEFRANCHE DE LAURAGAIS,6,"7,03103028030374E-05",0
FAUGA - MURET,FAUGA,MURET,6,"7,03103028030374E-05",0
FIGEAC - GRAMAT,FIGEAC,GRAMAT,6,"7,03103028030374E-05",0
FOIX - VARILHES,FOIX,VARILHES,6,"7,03103028030374E-05",0
GRAND COMBE LA PISE - LANGOGNE,GRAND COMBE LA PISE,LANGOGNE,6,"7,03103028030374E-05",0
LACOURTENSOURT - LALBENQUE FONTANES,LACOURTENSOURT,LALBENQUE FONTANES,6,"7,03103028030374E-05",0
LANNEMEZAN - MONTRêJEAU - GOURDAN-POLIGNAN,LANNEMEZAN,MONTRêJEAU,6,"7,03103028030374E-05",0
LATOUR DE CAROL ENVEITG - TARASCON SUR ARIEGE,LATOUR DE CAROL ENVEITG,TARASCON SUR ARIEGE,6,"7,03103028030374E-05",0
LêZIGNAN (AUDE) - PORT BOU FRONTIERE,LêZIGNAN (AUDE),PORT BOU FRONTIERE,6,"7,03103028030374E-05",0
LISLE SUR TARN - RODEZ,LISLE SUR TARN,RODEZ,6,"7,03103028030374E-05",0
LUNEL - TARASCON,LUNEL,TARASCON,6,"7,03103028030374E-05",0
MERENS LES VALS - TARASCON SUR ARIEGE,MERENS LES VALS,TARASCON SUR ARIEGE,6,"7,03103028030374E-05",0
MONTBARTIER - SAINT-JORY,MONTBARTIER,SAINT-JORY,6,"7,03103028030374E-05",0
MURET - TOURNAY,MURET,TOURNAY,6,"7,03103028030374E-05",0
PAMIERS - VENERQUE - LE VERNET,PAMIERS,VENERQUE,6,"7,03103028030374E-05",0
PERPIGNAN - TARASCON,PERPIGNAN,TARASCON,6,"7,03103028030374E-05",0
RABASTENS - COUFOULEUX - RODEZ,RABASTENS,COUFOULEUX,6,"7,03103028030374E-05",0
RABASTENS - COUFOULEUX - SAINT-SULPICE,RABASTENS,COUFOULEUX,6,"7,03103028030374E-05",0
AGDE - MARSEILLAN PLAGE,AGDE,MARSEILLAN PLAGE,5,"5,85919190025312E-05",0
ALBI - GRAGNAGUE,ALBI,GRAGNAGUE,5,"5,85919190025312E-05",0
ALBI - MARSSAC SUR TARN,ALBI,MARSSAC SUR TARN,5,"5,85919190025312E-05",0
ALBIAS - CAUSSADE,ALBIAS,CAUSSADE,5,"5,85919190025312E-05",0
ARGELES SUR MER - LABEGE INNOPOLE,ARGELES SUR MER,LABEGE INNOPOLE,5,"5,85919190025312E-05",0
AUBIN - FIGEAC,AUBIN,FIGEAC,5,"5,85919190025312E-05",0
BAILLARGUES - PORT LA NOUVELLE,BAILLARGUES,PORT LA NOUVELLE,5,"5,85919190025312E-05",0
BANYULS SUR MER - CERBERE,BANYULS SUR MER,CERBERE,5,"5,85919190025312E-05",0
BANYULS SUR MER - RIVESALTES,BANYULS SUR MER,RIVESALTES,5,"5,85919190025312E-05",0
BEAUCAIRE - LUNEL,BEAUCAIRE,LUNEL,5,"5,85919190025312E-05",0
BEZIERS - PORT LA NOUVELLE,BEZIERS,PORT LA NOUVELLE,5,"5,85919190025312E-05",0
BOUSSENS - FAUGA,BOUSSENS,FAUGA,5,"5,85919190025312E-05",0
BRIVE LA GAILLARDE - LES QUATRE ROUTES,BRIVE LA GAILLARDE,LES QUATRE ROUTES,5,"5,85919190025312E-05",0
CAHORS - CASTELNAU D'ESTRETEFONDS,CAHORS,CASTELNAU D'ESTRETEFONDS,5,"5,85919190025312E-05",0
CAHORS - GRISOLLES,CAHORS,GRISOLLES,5,"5,85919190025312E-05",0
CAPDENAC - VIVIEZ DECAZEVILLE,CAPDENAC,VIVIEZ DECAZEVILLE,5,"5,85919190025312E-05",0
CARBONNE - LANNEMEZAN,CARBONNE,LANNEMEZAN,5,"5,85919190025312E-05",0
CARBONNE - MONTRêJEAU - GOURDAN-POLIGNAN,CARBONNE,MONTRêJEAU,5,"5,85919190025312E-05",0
CARMAUX - GRAGNAGUE,CARMAUX,GRAGNAGUE,5,"5,85919190025312E-05",0
CASTELNAUDARY - MONTAUDRAN,CASTELNAUDARY,MONTAUDRAN,5,"5,85919190025312E-05",0
CASTELNAUDARY - MONTPELLIER SAINT-ROCH,CASTELNAUDARY,MONTPELLIER SAINT-ROCH,5,"5,85919190025312E-05",0
CASTELNAUDARY - PORT BOU FRONTIERE,CASTELNAUDARY,PORT BOU FRONTIERE,5,"5,85919190025312E-05",0
CASTELSARRASIN - MOISSAC,CASTELSARRASIN,MOISSAC,5,"5,85919190025312E-05",0
CASTRES - DAMIATTE ST PAUL,CASTRES,DAMIATTE ST PAUL,5,"5,85919190025312E-05",0
CERBERE - PORT VENDRES VILLE,CERBERE,PORT VENDRES VILLE,5,"5,85919190025312E-05",0
CINTEGABELLE - FOIX,CINTEGABELLE,FOIX,5,"5,85919190025312E-05",0
COLLIOURE - LUNEL,COLLIOURE,LUNEL,5,"5,85919190025312E-05",0
COLLIOURE - NIMES,COLLIOURE,NIMES,5,"5,85919190025312E-05",0
COLLIOURE - VERG‘ZE - CODOGNAN,COLLIOURE,VERG‘ZE,5,"5,85919190025312E-05",0
COLOMIERS LYCEE INTERNATIONAL - GIMONT CAHUZAC,COLOMIERS LYCEE INTERNATIONAL,GIMONT CAHUZAC,5,"5,85919190025312E-05",0
COURSAN - SETE,COURSAN,SETE,5,"5,85919190025312E-05",0
ELNE - LABEGE INNOPOLE,ELNE,LABEGE INNOPOLE,5,"5,85919190025312E-05",0
ERR - VILLEFRANCHE VERNET LES BAINS,ERR,VILLEFRANCHE VERNET LES BAINS,5,"5,85919190025312E-05",0
FIGEAC - SAINT-DENIS-PRES-MARTEL,FIGEAC,SAINT-DENIS-PRES-MARTEL,5,"5,85919190025312E-05",0
FIGEAC - VIVIEZ DECAZEVILLE,FIGEAC,VIVIEZ DECAZEVILLE,5,"5,85919190025312E-05",0
FOIX - LES CABANNES,FOIX,LES CABANNES,5,"5,85919190025312E-05",0
GAILLAC - LAGUEPIE,GAILLAC,LAGUEPIE,5,"5,85919190025312E-05",0
GAILLAC - LEXOS,GAILLAC,LEXOS,5,"5,85919190025312E-05",0
GIMONT CAHUZAC - L'ISLE JOURDAIN,GIMONT CAHUZAC,L'ISLE JOURDAIN,5,"5,85919190025312E-05",0
GOURDON - SOUILLAC,GOURDON,SOUILLAC,5,"5,85919190025312E-05",0
GRAMAT - RODEZ,GRAMAT,RODEZ,5,"5,85919190025312E-05",0
LA BASTIDE ST LAURENT L BAINS - VILLEFORT,LA BASTIDE ST LAURENT L BAINS,VILLEFORT,5,"5,85919190025312E-05",0
LAMAGISTERE - MOISSAC,LAMAGISTERE,MOISSAC,5,"5,85919190025312E-05",0
LAVILLEDIEU - MOISSAC,LAVILLEDIEU,MOISSAC,5,"5,85919190025312E-05",0
LES CABANNES - TARASCON SUR ARIEGE,LES CABANNES,TARASCON SUR ARIEGE,5,"5,85919190025312E-05",0
LEUCATE LA FRANQUI - NIMES,LEUCATE LA FRANQUI,NIMES,5,"5,85919190025312E-05",0
LêZIGNAN (AUDE) - VILLEFRANCHE DE LAURAGAIS,LêZIGNAN (AUDE),VILLEFRANCHE DE LAURAGAIS,5,"5,85919190025312E-05",0
MARTRES TOLOSANE - MURET,MARTRES TOLOSANE,MURET,5,"5,85919190025312E-05",0
MERENS LES VALS - SAINT-AGNE,MERENS LES VALS,SAINT-AGNE,5,"5,85919190025312E-05",0
MONTRABE - SAINT-SULPICE,MONTRABE,SAINT-SULPICE,5,"5,85919190025312E-05",0
PORT LA NOUVELLE - VILLEFRANCHE DE LAURAGAIS,PORT LA NOUVELLE,VILLEFRANCHE DE LAURAGAIS,5,"5,85919190025312E-05",0
ROCAMADOUR PADIRAC - RODEZ,ROCAMADOUR PADIRAC,RODEZ,5,"5,85919190025312E-05",0
SAINT-SULPICE - VILLEFRANCHE DE ROUERGUE,SAINT-SULPICE,VILLEFRANCHE DE ROUERGUE,5,"5,85919190025312E-05",0
SAVERDUN - VARILHES,SAVERDUN,VARILHES,5,"5,85919190025312E-05",0
THUES LES BAINS - VILLEFRANCHE VERNET LES BAINS,THUES LES BAINS,VILLEFRANCHE VERNET LES BAINS,5,"5,85919190025312E-05",0
AGDE - PORT LA NOUVELLE,AGDE,PORT LA NOUVELLE,4,"4,68735352020249E-05",0
ARGELES SUR MER - LEUCATE LA FRANQUI,ARGELES SUR MER,LEUCATE LA FRANQUI,4,"4,68735352020249E-05",0
ASSIER - SAINT-DENIS-PRES-MARTEL,ASSIER,SAINT-DENIS-PRES-MARTEL,4,"4,68735352020249E-05",0
AUTERIVE - VENERQUE - LE VERNET,AUTERIVE,VENERQUE,4,"4,68735352020249E-05",0
AVIGNON CENTRE - LEUCATE LA FRANQUI,AVIGNON CENTRE,LEUCATE LA FRANQUI,4,"4,68735352020249E-05",0
AVIGNON CENTRE - PORT BOU FRONTIERE,AVIGNON CENTRE,PORT BOU FRONTIERE,4,"4,68735352020249E-05",0
AVIGNON CENTRE - PORT VENDRES VILLE,AVIGNON CENTRE,PORT VENDRES VILLE,4,"4,68735352020249E-05",0
AX LES THERMES - MERENS LES VALS,AX LES THERMES,MERENS LES VALS,4,"4,68735352020249E-05",0
BAGNOLS CHADENET - NIMES,BAGNOLS CHADENET,NIMES,4,"4,68735352020249E-05",0
BAILLARGUES - SALSES,BAILLARGUES,SALSES,4,"4,68735352020249E-05",0
BANYULS SUR MER - BAZIEGE,BANYULS SUR MER,BAZIEGE,4,"4,68735352020249E-05",0
BANYULS SUR MER - BEZIERS,BANYULS SUR MER,BEZIERS,4,"4,68735352020249E-05",0
BANYULS SUR MER - LêZIGNAN (AUDE),BANYULS SUR MER,LêZIGNAN (AUDE),4,"4,68735352020249E-05",0
BAZIEGE - LêZIGNAN (AUDE),BAZIEGE,LêZIGNAN (AUDE),4,"4,68735352020249E-05",0
BAZIEGE - VILLEFRANCHE DE LAURAGAIS,BAZIEGE,VILLEFRANCHE DE LAURAGAIS,4,"4,68735352020249E-05",0
BEAUCAIRE - PERPIGNAN,BEAUCAIRE,PERPIGNAN,4,"4,68735352020249E-05",0
BEZIERS - ELNE,BEZIERS,ELNE,4,"4,68735352020249E-05",0
BEZIERS - SALSES,BEZIERS,SALSES,4,"4,68735352020249E-05",0
BOUSSENS - LOURDES,BOUSSENS,LOURDES,4,"4,68735352020249E-05",0
BRAM - LêZIGNAN (AUDE),BRAM,LêZIGNAN (AUDE),4,"4,68735352020249E-05",0
BRAM - PORT LA NOUVELLE,BRAM,PORT LA NOUVELLE,4,"4,68735352020249E-05",0
BRAX - LêGUEVIN - COLOMIERS,BRAX,LêGUEVIN,4,"4,68735352020249E-05",0
BRAX - LêGUEVIN - GIMONT CAHUZAC,BRAX,LêGUEVIN,4,"4,68735352020249E-05",0
BRIVE LA GAILLARDE - CASTELNAU D'ESTRETEFONDS,BRIVE LA GAILLARDE,CASTELNAU D'ESTRETEFONDS,4,"4,68735352020249E-05",0
BRIVE LA GAILLARDE - CAUSSADE,BRIVE LA GAILLARDE,CAUSSADE,4,"4,68735352020249E-05",0
BRIVE LA GAILLARDE - CRANSAC,BRIVE LA GAILLARDE,CRANSAC,4,"4,68735352020249E-05",0
CAPDENAC - SAINT-SULPICE,CAPDENAC,SAINT-SULPICE,4,"4,68735352020249E-05",0
CAPVERN - PAU,CAPVERN,PAU,4,"4,68735352020249E-05",0
CARCASSONNE - SALSES,CARCASSONNE,SALSES,4,"4,68735352020249E-05",0
CASTELNAU D'ESTRETEFONDS - CASTELSARRASIN,CASTELNAU D'ESTRETEFONDS,CASTELSARRASIN,4,"4,68735352020249E-05",0
CASTELNAU D'ESTRETEFONDS - GOURDON,CASTELNAU D'ESTRETEFONDS,GOURDON,4,"4,68735352020249E-05",0
CASTELNAUDARY - VILLEFRANCHE DE LAURAGAIS,CASTELNAUDARY,VILLEFRANCHE DE LAURAGAIS,4,"4,68735352020249E-05",0
CASTRES - LES CAUQUILLOUS,CASTRES,LES CAUQUILLOUS,4,"4,68735352020249E-05",0
CASTRES - VIELMUR SUR AGOUT,CASTRES,VIELMUR SUR AGOUT,4,"4,68735352020249E-05",0
CERBERE - NIMES,CERBERE,NIMES,4,"4,68735352020249E-05",0
CERBERE - SALSES,CERBERE,SALSES,4,"4,68735352020249E-05",0
COARRAZE - NAY - MURET,COARRAZE,NAY,4,"4,68735352020249E-05",0
CRANSAC - ROCAMADOUR PADIRAC,CRANSAC,ROCAMADOUR PADIRAC,4,"4,68735352020249E-05",0
DAMIATTE ST PAUL - SAINT-SULPICE,DAMIATTE ST PAUL,SAINT-SULPICE,4,"4,68735352020249E-05",0
ELNE - VILLEFRANCHE DE LAURAGAIS,ELNE,VILLEFRANCHE DE LAURAGAIS,4,"4,68735352020249E-05",0
FIGEAC - ROCAMADOUR PADIRAC,FIGEAC,ROCAMADOUR PADIRAC,4,"4,68735352020249E-05",0
FOIX - SAINT JEAN DE VERGES,FOIX,SAINT JEAN DE VERGES,4,"4,68735352020249E-05",0
FOIX - VENERQUE - LE VERNET,FOIX,VENERQUE,4,"4,68735352020249E-05",0
FRONTIGNAN - LEUCATE LA FRANQUI,FRONTIGNAN,LEUCATE LA FRANQUI,4,"4,68735352020249E-05",0
FRONTIGNAN - VERG‘ZE - CODOGNAN,FRONTIGNAN,VERG‘ZE,4,"4,68735352020249E-05",0
GALLIENI CANCêROP‚LE - PIBRAC,GALLIENI CANCêROP‚LE,PIBRAC,4,"4,68735352020249E-05",0
GALLIENI CANCêROP‚LE - TOULOUSE MATABIAU,GALLIENI CANCêROP‚LE,TOULOUSE MATABIAU,4,"4,68735352020249E-05",0
GIMONT CAHUZAC - PIBRAC,GIMONT CAHUZAC,PIBRAC,4,"4,68735352020249E-05",0
GOURDON - LACOURTENSOURT,GOURDON,LACOURTENSOURT,4,"4,68735352020249E-05",0
GOURDON - MONTBARTIER,GOURDON,MONTBARTIER,4,"4,68735352020249E-05",0
LATOUR DE CAROL ENVEITG - MERENS LES VALS,LATOUR DE CAROL ENVEITG,MERENS LES VALS,4,"4,68735352020249E-05",0
LES CABANNES - PORTET SAINT-SIMON,LES CABANNES,PORTET SAINT-SIMON,4,"4,68735352020249E-05",0
LONGAGES - NOê - MARTRES TOLOSANE,LONGAGES,NOê,4,"4,68735352020249E-05",0
LUNEL - VALERGUES - LANSARGUES,LUNEL,VALERGUES,4,"4,68735352020249E-05",0
LUZENAC GARANOU - SAINT-AGNE,LUZENAC GARANOU,SAINT-AGNE,4,"4,68735352020249E-05",0
MONTAUDRAN - TOULOUSE MATABIAU,MONTAUDRAN,TOULOUSE MATABIAU,4,"4,68735352020249E-05",0
MONTRêJEAU - GOURDAN-POLIGNAN - PAU,MONTRêJEAU,GOURDAN-POLIGNAN,4,"4,68735352020249E-05",0
NAJAC - SAINT-SULPICE,NAJAC,SAINT-SULPICE,4,"4,68735352020249E-05",0
PAMIERS - VERNET-D'ARIEGE,PAMIERS,VERNET-D'ARIEGE,4,"4,68735352020249E-05",0
RODEZ - ST CHRISTOPHE,RODEZ,ST CHRISTOPHE,4,"4,68735352020249E-05",0
SAINT JEAN DE VERGES - SAINT-AGNE,SAINT JEAN DE VERGES,SAINT-AGNE,4,"4,68735352020249E-05",0
SAINT-AGNE - SAINT-CYPRIEN AR‘NES,SAINT-AGNE,SAINT-CYPRIEN AR‘NES,4,"4,68735352020249E-05",0
SAVERDUN - TARASCON SUR ARIEGE,SAVERDUN,TARASCON SUR ARIEGE,4,"4,68735352020249E-05",0
TARASCON SUR ARIEGE - VARILHES,TARASCON SUR ARIEGE,VARILHES,4,"4,68735352020249E-05",0
AGDE - ARGELES SUR MER,AGDE,ARGELES SUR MER,3,"3,51551514015187E-05",0
AGDE - RIVESALTES,AGDE,RIVESALTES,3,"3,51551514015187E-05",0
AGDE - SALSES,AGDE,SALSES,3,"3,51551514015187E-05",0
ALBI - MONTASTRUC LA CONSEILLERE,ALBI,MONTASTRUC LA CONSEILLERE,3,"3,51551514015187E-05",0
ALBI - MONTRABE,ALBI,MONTRABE,3,"3,51551514015187E-05",0
ALBI - TANUS,ALBI,TANUS,3,"3,51551514015187E-05",0
ALBI MADELEINE - LISLE SUR TARN,ALBI MADELEINE,LISLE SUR TARN,3,"3,51551514015187E-05",0
ALBIAS - CAHORS,ALBIAS,CAHORS,3,"3,51551514015187E-05",0
ALBIAS - LALBENQUE FONTANES,ALBIAS,LALBENQUE FONTANES,3,"3,51551514015187E-05",0
ANDORRE - L'HOSPITALET - AX LES THERMES,ANDORRE,L'HOSPITALET,3,"3,51551514015187E-05",0
ANDORRE - L'HOSPITALET - FOIX,ANDORRE,L'HOSPITALET,3,"3,51551514015187E-05",0
ARGELES SUR MER - MONTAUDRAN,ARGELES SUR MER,MONTAUDRAN,3,"3,51551514015187E-05",0
ARGELES SUR MER - VERG‘ZE - CODOGNAN,ARGELES SUR MER,VERG‘ZE,3,"3,51551514015187E-05",0
ASSIER - CAPDENAC,ASSIER,CAPDENAC,3,"3,51551514015187E-05",0
AUTERIVE - LATOUR DE CAROL ENVEITG,AUTERIVE,LATOUR DE CAROL ENVEITG,3,"3,51551514015187E-05",0
AUTERIVE - VERNET-D'ARIEGE,AUTERIVE,VERNET-D'ARIEGE,3,"3,51551514015187E-05",0
AX LES THERMES - LUZENAC GARANOU,AX LES THERMES,LUZENAC GARANOU,3,"3,51551514015187E-05",0
BAILLARGUES - TOULOUSE MATABIAU,BAILLARGUES,TOULOUSE MATABIAU,3,"3,51551514015187E-05",0
BANYULS SUR MER - PORT BOU FRONTIERE,BANYULS SUR MER,PORT BOU FRONTIERE,3,"3,51551514015187E-05",0
BANYULS SUR MER - VILLEFRANCHE DE LAURAGAIS,BANYULS SUR MER,VILLEFRANCHE DE LAURAGAIS,3,"3,51551514015187E-05",0
BAZIEGE - CASTELNAUDARY,BAZIEGE,CASTELNAUDARY,3,"3,51551514015187E-05",0
BAZIEGE - MONTPELLIER SAINT-ROCH,BAZIEGE,MONTPELLIER SAINT-ROCH,3,"3,51551514015187E-05",0
BEAUCAIRE - RIVESALTES,BEAUCAIRE,RIVESALTES,3,"3,51551514015187E-05",0
BEZIERS - CARCASSONNE,BEZIERS,CARCASSONNE,3,"3,51551514015187E-05",0
BOUSSENS - TOURNAY,BOUSSENS,TOURNAY,3,"3,51551514015187E-05",0
BRAX - LêGUEVIN - L'ISLE JOURDAIN,BRAX,LêGUEVIN,3,"3,51551514015187E-05",0
BRIVE LA GAILLARDE - MONTBARTIER,BRIVE LA GAILLARDE,MONTBARTIER,3,"3,51551514015187E-05",0
CAHORS - DIEUPENTALE,CAHORS,DIEUPENTALE,3,"3,51551514015187E-05",0
CAPDENAC - CRANSAC,CAPDENAC,CRANSAC,3,"3,51551514015187E-05",0
CAPDENAC - GRAMAT,CAPDENAC,GRAMAT,3,"3,51551514015187E-05",0
CARMAUX - LISLE SUR TARN,CARMAUX,LISLE SUR TARN,3,"3,51551514015187E-05",0
CARMAUX - MARSSAC SUR TARN,CARMAUX,MARSSAC SUR TARN,3,"3,51551514015187E-05",0
CASTELNAU D'ESTRETEFONDS - LAVILLEDIEU,CASTELNAU D'ESTRETEFONDS,LAVILLEDIEU,3,"3,51551514015187E-05",0
CASTELNAU D'ESTRETEFONDS - VALENCE D'AGEN,CASTELNAU D'ESTRETEFONDS,VALENCE D'AGEN,3,"3,51551514015187E-05",0
CASTELNAUDARY - ELNE,CASTELNAUDARY,ELNE,3,"3,51551514015187E-05",0
CAZ‘RES - FAUGA,CAZ‘RES,FAUGA,3,"3,51551514015187E-05",0
CERBERE - ELNE,CERBERE,ELNE,3,"3,51551514015187E-05",0
CINTEGABELLE - PORTET SAINT-SIMON,CINTEGABELLE,PORTET SAINT-SIMON,3,"3,51551514015187E-05",0
COLLIOURE - LêZIGNAN (AUDE),COLLIOURE,LêZIGNAN (AUDE),3,"3,51551514015187E-05",0
COURSAN - MONTPELLIER SAINT-ROCH,COURSAN,MONTPELLIER SAINT-ROCH,3,"3,51551514015187E-05",0
DAMIATTE ST PAUL - LAVAUR,DAMIATTE ST PAUL,LAVAUR,3,"3,51551514015187E-05",0
ELNE - LêZIGNAN (AUDE),ELNE,LêZIGNAN (AUDE),3,"3,51551514015187E-05",0
FONS - SAINT-MAMERT - NIMES,FONS,SAINT-MAMERT,3,"3,51551514015187E-05",0
FONT ROMEU ODEILLO VIA - SAILLAGOUSE,FONT ROMEU ODEILLO VIA,SAILLAGOUSE,3,"3,51551514015187E-05",0
FONTPEDROUSE ST THOMAS L BAINS - LATOUR DE CAROL ENVEITG,FONTPEDROUSE ST THOMAS L BAINS,LATOUR DE CAROL ENVEITG,3,"3,51551514015187E-05",0
GAILLAC - MARSSAC SUR TARN,GAILLAC,MARSSAC SUR TARN,3,"3,51551514015187E-05",0
GALLIENI CANCêROP‚LE - GIMONT CAHUZAC,GALLIENI CANCêROP‚LE,GIMONT CAHUZAC,3,"3,51551514015187E-05",0
GENOLHAC - SAINT-GENI‘S-DE-MALGOIR‘S,GENOLHAC,SAINT-GENI‘S-DE-MALGOIR‘S,3,"3,51551514015187E-05",0
GRAND COMBE LA PISE - MENDE,GRAND COMBE LA PISE,MENDE,3,"3,51551514015187E-05",0
GRISOLLES - SAINT-JORY,GRISOLLES,SAINT-JORY,3,"3,51551514015187E-05",0
LA BASTIDE ST LAURENT L BAINS - LANGOGNE,LA BASTIDE ST LAURENT L BAINS,LANGOGNE,3,"3,51551514015187E-05",0
LABEGE INNOPOLE - LEUCATE LA FRANQUI,LABEGE INNOPOLE,LEUCATE LA FRANQUI,3,"3,51551514015187E-05",0
LABEGE INNOPOLE - VILLENOUVELLE,LABEGE INNOPOLE,VILLENOUVELLE,3,"3,51551514015187E-05",0
LANGOGNE - SAINT-GENI‘S-DE-MALGOIR‘S,LANGOGNE,SAINT-GENI‘S-DE-MALGOIR‘S,3,"3,51551514015187E-05",0
LATOUR DE CAROL ENVEITG - SAINT-AGNE,LATOUR DE CAROL ENVEITG,SAINT-AGNE,3,"3,51551514015187E-05",0
LAVAUR - MONTASTRUC LA CONSEILLERE,LAVAUR,MONTASTRUC LA CONSEILLERE,3,"3,51551514015187E-05",0
LAVAUR - MONTRABE,LAVAUR,MONTRABE,3,"3,51551514015187E-05",0
LêZIGNAN (AUDE) - RIVESALTES,LêZIGNAN (AUDE),RIVESALTES,3,"3,51551514015187E-05",0
LUZENAC GARANOU - PAMIERS,LUZENAC GARANOU,PAMIERS,3,"3,51551514015187E-05",0
MARSEILLAN PLAGE - VERG‘ZE - CODOGNAN,MARSEILLAN PLAGE,VERG‘ZE,3,"3,51551514015187E-05",0
MAZAMET - MONTRABE,MAZAMET,MONTRABE,3,"3,51551514015187E-05",0
MERENVIELLE - SAINT-AGNE,MERENVIELLE,SAINT-AGNE,3,"3,51551514015187E-05",0
MERENVIELLE - TOULOUSE MATABIAU,MERENVIELLE,TOULOUSE MATABIAU,3,"3,51551514015187E-05",0
MONTPELLIER SAINT-ROCH - VILLEFRANCHE DE LAURAGAIS,MONTPELLIER SAINT-ROCH,VILLEFRANCHE DE LAURAGAIS,3,"3,51551514015187E-05",0
NIMES - VIC - MIREVAL,NIMES,VIC,3,"3,51551514015187E-05",0
PINS JUSTARET - VENERQUE - LE VERNET,PINS JUSTARET,VENERQUE,3,"3,51551514015187E-05",0
PORT LA NOUVELLE - RIVESALTES,PORT LA NOUVELLE,RIVESALTES,3,"3,51551514015187E-05",0
PORTET SAINT-SIMON - VARILHES,PORTET SAINT-SIMON,VARILHES,3,"3,51551514015187E-05",0
SAINT JEAN DE VERGES - TARASCON SUR ARIEGE,SAINT JEAN DE VERGES,TARASCON SUR ARIEGE,3,"3,51551514015187E-05",0
SETE - VALERGUES - LANSARGUES,SETE,VALERGUES,3,"3,51551514015187E-05",0
SETE - VIC - MIREVAL,SETE,VIC,3,"3,51551514015187E-05",0
TARASCON - VERG‘ZE - CODOGNAN,TARASCON,VERG‘ZE,3,"3,51551514015187E-05",0
ALBI MADELEINE - GRAGNAGUE,ALBI MADELEINE,GRAGNAGUE,2,"2,34367676010125E-05",0
ALBI MADELEINE - LUC PRIMAUBE,ALBI MADELEINE,LUC PRIMAUBE,2,"2,34367676010125E-05",0
ALBI MADELEINE - MONTASTRUC LA CONSEILLERE,ALBI MADELEINE,MONTASTRUC LA CONSEILLERE,2,"2,34367676010125E-05",0
ALBI MADELEINE - RABASTENS - COUFOULEUX,ALBI MADELEINE,RABASTENS,2,"2,34367676010125E-05",0
ALBIAS - GOURDON,ALBIAS,GOURDON,2,"2,34367676010125E-05",0
ALBIAS - SOUILLAC,ALBIAS,SOUILLAC,2,"2,34367676010125E-05",0
ANDORRE - L'HOSPITALET - PAMIERS,ANDORRE,L'HOSPITALET,2,"2,34367676010125E-05",0
ARGELES SUR MER - ELNE,ARGELES SUR MER,ELNE,2,"2,34367676010125E-05",0
ARGELES SUR MER - VILLEFRANCHE DE LAURAGAIS,ARGELES SUR MER,VILLEFRANCHE DE LAURAGAIS,2,"2,34367676010125E-05",0
AUBIET - AUCH,AUBIET,AUCH,2,"2,34367676010125E-05",0
AUBIET - COLOMIERS,AUBIET,COLOMIERS,2,"2,34367676010125E-05",0
AUBIET - GALLIENI CANCêROP‚LE,AUBIET,GALLIENI CANCêROP‚LE,2,"2,34367676010125E-05",0
AUBIET - GIMONT CAHUZAC,AUBIET,GIMONT CAHUZAC,2,"2,34367676010125E-05",0
AUBIET - SAINT-AGNE,AUBIET,SAINT-AGNE,2,"2,34367676010125E-05",0
AUTERIVE - LES CABANNES,AUTERIVE,LES CABANNES,2,"2,34367676010125E-05",0
AVIGNON CENTRE - ELNE,AVIGNON CENTRE,ELNE,2,"2,34367676010125E-05",0
AVIGNONET - BAZIEGE,AVIGNONET,BAZIEGE,2,"2,34367676010125E-05",0
AVIGNONET - PORT LA NOUVELLE,AVIGNONET,PORT LA NOUVELLE,2,"2,34367676010125E-05",0
AX LES THERMES - LES CABANNES,AX LES THERMES,LES CABANNES,2,"2,34367676010125E-05",0
AX LES THERMES - PINS JUSTARET,AX LES THERMES,PINS JUSTARET,2,"2,34367676010125E-05",0
AX LES THERMES - VERNET-D'ARIEGE,AX LES THERMES,VERNET-D'ARIEGE,2,"2,34367676010125E-05",0
BAILLARGUES - BEAUCAIRE,BAILLARGUES,BEAUCAIRE,2,"2,34367676010125E-05",0
BAILLARGUES - COLLIOURE,BAILLARGUES,COLLIOURE,2,"2,34367676010125E-05",0
BAILLARGUES - TARASCON,BAILLARGUES,TARASCON,2,"2,34367676010125E-05",0
BANYULS SUR MER - ELNE,BANYULS SUR MER,ELNE,2,"2,34367676010125E-05",0
BANYULS SUR MER - PORT VENDRES VILLE,BANYULS SUR MER,PORT VENDRES VILLE,2,"2,34367676010125E-05",0
BANYULS SUR MER - SETE,BANYULS SUR MER,SETE,2,"2,34367676010125E-05",0
BARAQUEVILLE CARCENAC PEYRALES - SAINT-SULPICE,BARAQUEVILLE CARCENAC PEYRALES,SAINT-SULPICE,2,"2,34367676010125E-05",0
BAZIEGE - MONTAUDRAN,BAZIEGE,MONTAUDRAN,2,"2,34367676010125E-05",0
BAZIEGE - PERPIGNAN,BAZIEGE,PERPIGNAN,2,"2,34367676010125E-05",0
BEAUCAIRE - NIMES PONT DU GARD,BEAUCAIRE,NIMES PONT DU GARD,2,"2,34367676010125E-05",0
BEAUCAIRE - VERG‘ZE - CODOGNAN,BEAUCAIRE,VERG‘ZE,2,"2,34367676010125E-05",0
BEZIERS - VIAS,BEZIERS,VIAS,2,"2,34367676010125E-05",0
BEZIERS - VILLEFRANCHE DE LAURAGAIS,BEZIERS,VILLEFRANCHE DE LAURAGAIS,2,"2,34367676010125E-05",0
BOUCOIRAN - NIMES,BOUCOIRAN,NIMES,2,"2,34367676010125E-05",0
BOUCOIRAN - SAINT-GENI‘S-DE-MALGOIR‘S,BOUCOIRAN,SAINT-GENI‘S-DE-MALGOIR‘S,2,"2,34367676010125E-05",0
BOURG MADAME - THUES CARANCA,BOURG MADAME,THUES CARANCA,2,"2,34367676010125E-05",0
BRAM - LEUCATE LA FRANQUI,BRAM,LEUCATE LA FRANQUI,2,"2,34367676010125E-05",0
BRAM - MONTPELLIER SAINT-ROCH,BRAM,MONTPELLIER SAINT-ROCH,2,"2,34367676010125E-05",0
BRAX - LêGUEVIN - GALLIENI CANCêROP‚LE,BRAX,LêGUEVIN,2,"2,34367676010125E-05",0
BRIVE LA GAILLARDE - DIEUPENTALE,BRIVE LA GAILLARDE,DIEUPENTALE,2,"2,34367676010125E-05",0
BRIVE LA GAILLARDE - LACOURTENSOURT,BRIVE LA GAILLARDE,LACOURTENSOURT,2,"2,34367676010125E-05",0
BRIVE LA GAILLARDE - LALBENQUE FONTANES,BRIVE LA GAILLARDE,LALBENQUE FONTANES,2,"2,34367676010125E-05",0
BRIVE LA GAILLARDE - SAINT-JORY,BRIVE LA GAILLARDE,SAINT-JORY,2,"2,34367676010125E-05",0
CAPDENAC - LEXOS,CAPDENAC,LEXOS,2,"2,34367676010125E-05",0
CAPDENAC - ROCAMADOUR PADIRAC,CAPDENAC,ROCAMADOUR PADIRAC,2,"2,34367676010125E-05",0
CAPDENAC - SAINT-DENIS-PRES-MARTEL,CAPDENAC,SAINT-DENIS-PRES-MARTEL,2,"2,34367676010125E-05",0
CARMAUX - TANUS,CARMAUX,TANUS,2,"2,34367676010125E-05",0
CASTELNAU D'ESTRETEFONDS - MONTBARTIER,CASTELNAU D'ESTRETEFONDS,MONTBARTIER,2,"2,34367676010125E-05",0
CASTELSARRASIN - LAVILLEDIEU,CASTELSARRASIN,LAVILLEDIEU,2,"2,34367676010125E-05",0
CASTRES - LABRUGUIERE,CASTRES,LABRUGUIERE,2,"2,34367676010125E-05",0
CAUSSADE - DIEUPENTALE,CAUSSADE,DIEUPENTALE,2,"2,34367676010125E-05",0
CAZ‘RES - LONGAGES - NOê,CAZ‘RES,LONGAGES,2,"2,34367676010125E-05",0
CAZ‘RES - PORTET SAINT-SIMON,CAZ‘RES,PORTET SAINT-SIMON,2,"2,34367676010125E-05",0
CERBERE - LABEGE INNOPOLE,CERBERE,LABEGE INNOPOLE,2,"2,34367676010125E-05",0
CHAMBORIGAUD - LA BASTIDE ST LAURENT L BAINS,CHAMBORIGAUD,LA BASTIDE ST LAURENT L BAINS,2,"2,34367676010125E-05",0
CINTEGABELLE - PINS JUSTARET,CINTEGABELLE,PINS JUSTARET,2,"2,34367676010125E-05",0
COARRAZE - NAY - LOURDES,COARRAZE,NAY,2,"2,34367676010125E-05",0
COARRAZE - NAY - MONTRêJEAU - GOURDAN-POLIGNAN,COARRAZE,NAY,2,"2,34367676010125E-05",0
COLLIOURE - FRONTIGNAN,COLLIOURE,FRONTIGNAN,2,"2,34367676010125E-05",0
COLLIOURE - TARASCON,COLLIOURE,TARASCON,2,"2,34367676010125E-05",0
COLOMIERS - MERENVIELLE,COLOMIERS,MERENVIELLE,2,"2,34367676010125E-05",0
COLOMIERS LYCEE INTERNATIONAL - L'ISLE JOURDAIN,COLOMIERS LYCEE INTERNATIONAL,L'ISLE JOURDAIN,2,"2,34367676010125E-05",0
CORDES VINDRAC - GAILLAC,CORDES VINDRAC,GAILLAC,2,"2,34367676010125E-05",0
CORDES VINDRAC - SAINT-SULPICE,CORDES VINDRAC,SAINT-SULPICE,2,"2,34367676010125E-05",0
CRANSAC - RODEZ,CRANSAC,RODEZ,2,"2,34367676010125E-05",0
DIEUPENTALE - MONTBARTIER,DIEUPENTALE,MONTBARTIER,2,"2,34367676010125E-05",0
DIEUPENTALE - SAINT-JORY,DIEUPENTALE,SAINT-JORY,2,"2,34367676010125E-05",0
ELNE - FRONTIGNAN,ELNE,FRONTIGNAN,2,"2,34367676010125E-05",0
ELNE - LUNEL,ELNE,LUNEL,2,"2,34367676010125E-05",0
ELNE - SALSES,ELNE,SALSES,2,"2,34367676010125E-05",0
ELNE - TARASCON,ELNE,TARASCON,2,"2,34367676010125E-05",0
FRONTIGNAN - VIC - MIREVAL,FRONTIGNAN,VIC,2,"2,34367676010125E-05",0
GAILLAC - MONTASTRUC LA CONSEILLERE,GAILLAC,MONTASTRUC LA CONSEILLERE,2,"2,34367676010125E-05",0
GAILLAC - TESSONNIERES,GAILLAC,TESSONNIERES,2,"2,34367676010125E-05",0
GOURDON - LALBENQUE FONTANES,GOURDON,LALBENQUE FONTANES,2,"2,34367676010125E-05",0
GRISOLLES - MONTBARTIER,GRISOLLES,MONTBARTIER,2,"2,34367676010125E-05",0
GRISOLLES - SOUILLAC,GRISOLLES,SOUILLAC,2,"2,34367676010125E-05",0
LA LEVADE - NIMES,LA LEVADE,NIMES,2,"2,34367676010125E-05",0
LABEGE INNOPOLE - MONTAUDRAN,LABEGE INNOPOLE,MONTAUDRAN,2,"2,34367676010125E-05",0
LABEGE INNOPOLE - RIVESALTES,LABEGE INNOPOLE,RIVESALTES,2,"2,34367676010125E-05",0
LABRUGUIERE - MAZAMET,LABRUGUIERE,MAZAMET,2,"2,34367676010125E-05",0
LABRUGUIERE - MONTRABE,LABRUGUIERE,MONTRABE,2,"2,34367676010125E-05",0
LAGUEPIE - NAJAC,LAGUEPIE,NAJAC,2,"2,34367676010125E-05",0
LANGOGNE - VILLEFORT,LANGOGNE,VILLEFORT,2,"2,34367676010125E-05",0
LANNEMEZAN - TOURNAY,LANNEMEZAN,TOURNAY,2,"2,34367676010125E-05",0
LARDENNE - SAINT-CYPRIEN AR‘NES,LARDENNE,SAINT-CYPRIEN AR‘NES,2,"2,34367676010125E-05",0
LATOUR DE CAROL ENVEITG - THUES CARANCA,LATOUR DE CAROL ENVEITG,THUES CARANCA,2,"2,34367676010125E-05",0
LATOUR DE CAROL ENVEITG - VENERQUE - LE VERNET,LATOUR DE CAROL ENVEITG,VENERQUE,2,"2,34367676010125E-05",0
LAVAUR - LES CAUQUILLOUS,LAVAUR,LES CAUQUILLOUS,2,"2,34367676010125E-05",0
LES CABANNES - SAVERDUN,LES CABANNES,SAVERDUN,2,"2,34367676010125E-05",0
LEUCATE LA FRANQUI - MONTAUDRAN,LEUCATE LA FRANQUI,MONTAUDRAN,2,"2,34367676010125E-05",0
LEUCATE LA FRANQUI - VERG‘ZE - CODOGNAN,LEUCATE LA FRANQUI,VERG‘ZE,2,"2,34367676010125E-05",0
LEUCATE LA FRANQUI - VILLEFRANCHE DE LAURAGAIS,LEUCATE LA FRANQUI,VILLEFRANCHE DE LAURAGAIS,2,"2,34367676010125E-05",0
LêZIGNAN (AUDE) - MONTAUDRAN,LêZIGNAN (AUDE),MONTAUDRAN,2,"2,34367676010125E-05",0
LêZIGNAN (AUDE) - VILLENOUVELLE,LêZIGNAN (AUDE),VILLENOUVELLE,2,"2,34367676010125E-05",0
LOURDES - MONTRêJEAU - GOURDAN-POLIGNAN,LOURDES,MONTRêJEAU,2,"2,34367676010125E-05",0
MARSEILLAN PLAGE - NIMES,MARSEILLAN PLAGE,NIMES,2,"2,34367676010125E-05",0
MARVEJOLS - NIMES,MARVEJOLS,NIMES,2,"2,34367676010125E-05",0
MAZAMET - VIELMUR SUR AGOUT,MAZAMET,VIELMUR SUR AGOUT,2,"2,34367676010125E-05",0
MONTASTRUC LA CONSEILLERE - RABASTENS - COUFOULEUX,MONTASTRUC LA CONSEILLERE,RABASTENS,2,"2,34367676010125E-05",0
MONTAUDRAN - VILLEFRANCHE DE LAURAGAIS,MONTAUDRAN,VILLEFRANCHE DE LAURAGAIS,2,"2,34367676010125E-05",0
MONTRêJEAU - GOURDAN-POLIGNAN - TOURNAY,MONTRêJEAU,GOURDAN-POLIGNAN,2,"2,34367676010125E-05",0
NAJAC - VILLEFRANCHE DE ROUERGUE,NAJAC,VILLEFRANCHE DE ROUERGUE,2,"2,34367676010125E-05",0
NIMES - NOZI‘RES - BRIGNON,NIMES,NOZI‘RES,2,"2,34367676010125E-05",0
NIMES - VIAS,NIMES,VIAS,2,"2,34367676010125E-05",0
NIMES - VILLEFRANCHE DE LAURAGAIS,NIMES,VILLEFRANCHE DE LAURAGAIS,2,"2,34367676010125E-05",0
NIMES PONT DU GARD - PORT BOU FRONTIERE,NIMES PONT DU GARD,PORT BOU FRONTIERE,2,"2,34367676010125E-05",0
NIMES PONT DU GARD - VIAS,NIMES PONT DU GARD,VIAS,2,"2,34367676010125E-05",0
PAU - TOURNAY,PAU,TOURNAY,2,"2,34367676010125E-05",0
PERPIGNAN - VILLEFRANCHE VERNET LES BAINS,PERPIGNAN,VILLEFRANCHE VERNET LES BAINS,2,"2,34367676010125E-05",0
PINS JUSTARET - PORTET SAINT-SIMON,PINS JUSTARET,PORTET SAINT-SIMON,2,"2,34367676010125E-05",0
PINS JUSTARET - VARILHES,PINS JUSTARET,VARILHES,2,"2,34367676010125E-05",0
PORT LA NOUVELLE - TARASCON,PORT LA NOUVELLE,TARASCON,2,"2,34367676010125E-05",0
PORT VENDRES VILLE - RIVESALTES,PORT VENDRES VILLE,RIVESALTES,2,"2,34367676010125E-05",0
PORT VENDRES VILLE - SALSES,PORT VENDRES VILLE,SALSES,2,"2,34367676010125E-05",0
PORT VENDRES VILLE - SETE,PORT VENDRES VILLE,SETE,2,"2,34367676010125E-05",0
PORTET SAINT-SIMON - SAVERDUN,PORTET SAINT-SIMON,SAVERDUN,2,"2,34367676010125E-05",0
RABASTENS - COUFOULEUX - TESSONNIERES,RABASTENS,COUFOULEUX,2,"2,34367676010125E-05",0
RIVESALTES - SALSES,RIVESALTES,SALSES,2,"2,34367676010125E-05",0
RODEZ - SAINT-DENIS-PRES-MARTEL,RODEZ,SAINT-DENIS-PRES-MARTEL,2,"2,34367676010125E-05",0
SAINT-DENIS-PRES-MARTEL - VIVIEZ DECAZEVILLE,SAINT-DENIS-PRES-MARTEL,VIVIEZ DECAZEVILLE,2,"2,34367676010125E-05",0
SAVERDUN - VERNET-D'ARIEGE,SAVERDUN,VERNET-D'ARIEGE,2,"2,34367676010125E-05",0
AGDE - CERBERE,AGDE,CERBERE,1,"1,17183838005062E-05",0
AGDE - COURSAN,AGDE,COURSAN,1,"1,17183838005062E-05",0
AGDE - LEUCATE LA FRANQUI,AGDE,LEUCATE LA FRANQUI,1,"1,17183838005062E-05",0
AGDE - VIAS,AGDE,VIAS,1,"1,17183838005062E-05",0
AGEN - LAVILLEDIEU,AGEN,LAVILLEDIEU,1,"1,17183838005062E-05",0
ALBI - TESSONNIERES,ALBI,TESSONNIERES,1,"1,17183838005062E-05",0
ALBI MADELEINE - BARAQUEVILLE CARCENAC PEYRALES,ALBI MADELEINE,BARAQUEVILLE CARCENAC PEYRALES,1,"1,17183838005062E-05",0
ALBI MADELEINE - MONTRABE,ALBI MADELEINE,MONTRABE,1,"1,17183838005062E-05",0
ALBI MADELEINE - TANUS,ALBI MADELEINE,TANUS,1,"1,17183838005062E-05",0
ALBIAS - DIEUPENTALE,ALBIAS,DIEUPENTALE,1,"1,17183838005062E-05",0
ALBIAS - LACOURTENSOURT,ALBIAS,LACOURTENSOURT,1,"1,17183838005062E-05",0
ALBIAS - SAINT-JORY,ALBIAS,SAINT-JORY,1,"1,17183838005062E-05",0
ALES - BAGNOLS CHADENET,ALES,BAGNOLS CHADENET,1,"1,17183838005062E-05",0
ALES - FONS - SAINT-MAMERT,ALES,FONS,1,"1,17183838005062E-05",0
ALES - STE CECILE D'ANDORGE,ALES,STE CECILE D'ANDORGE,1,"1,17183838005062E-05",0
ARGELES SUR MER - AVIGNONET,ARGELES SUR MER,AVIGNONET,1,"1,17183838005062E-05",0
ARGELES SUR MER - BRAM,ARGELES SUR MER,BRAM,1,"1,17183838005062E-05",0
ARGELES SUR MER - LêZIGNAN (AUDE),ARGELES SUR MER,LêZIGNAN (AUDE),1,"1,17183838005062E-05",0
ARGELES SUR MER - NIMES PONT DU GARD,ARGELES SUR MER,NIMES PONT DU GARD,1,"1,17183838005062E-05",0
ARGELES SUR MER - PORT VENDRES VILLE,ARGELES SUR MER,PORT VENDRES VILLE,1,"1,17183838005062E-05",0
ASSIER - FIGEAC,ASSIER,FIGEAC,1,"1,17183838005062E-05",0
AUBIN - BRIVE LA GAILLARDE,AUBIN,BRIVE LA GAILLARDE,1,"1,17183838005062E-05",0
AUCH - MERENVIELLE,AUCH,MERENVIELLE,1,"1,17183838005062E-05",0
AVIGNON CENTRE - BANYULS SUR MER,AVIGNON CENTRE,BANYULS SUR MER,1,"1,17183838005062E-05",0
AVIGNON CENTRE - MILHAUD,AVIGNON CENTRE,MILHAUD,1,"1,17183838005062E-05",0
AVIGNONET - CARCASSONNE,AVIGNONET,CARCASSONNE,1,"1,17183838005062E-05",0
AVIGNONET - CASTELNAUDARY,AVIGNONET,CASTELNAUDARY,1,"1,17183838005062E-05",0
AX LES THERMES - SAVERDUN,AX LES THERMES,SAVERDUN,1,"1,17183838005062E-05",0
AX LES THERMES - VARILHES,AX LES THERMES,VARILHES,1,"1,17183838005062E-05",0
BAGNOLS CHADENET - SAINT-GENI‘S-DE-MALGOIR‘S,BAGNOLS CHADENET,SAINT-GENI‘S-DE-MALGOIR‘S,1,"1,17183838005062E-05",0
BAILLARGUES - ELNE,BAILLARGUES,ELNE,1,"1,17183838005062E-05",0
BAILLARGUES - ESCALQUENS,BAILLARGUES,ESCALQUENS,1,"1,17183838005062E-05",0
BAILLARGUES - SAINT-CêSAIRE,BAILLARGUES,SAINT-CêSAIRE,1,"1,17183838005062E-05",0
BANYULS SUR MER - CASTELNAUDARY,BANYULS SUR MER,CASTELNAUDARY,1,"1,17183838005062E-05",0
BANYULS SUR MER - MONTAUDRAN,BANYULS SUR MER,MONTAUDRAN,1,"1,17183838005062E-05",0
BAZIEGE - PORT LA NOUVELLE,BAZIEGE,PORT LA NOUVELLE,1,"1,17183838005062E-05",0
BAZIEGE - SALSES,BAZIEGE,SALSES,1,"1,17183838005062E-05",0
BAZIEGE - VILLENOUVELLE,BAZIEGE,VILLENOUVELLE,1,"1,17183838005062E-05",0
BEAUCAIRE - ELNE,BEAUCAIRE,ELNE,1,"1,17183838005062E-05",0
BEZIERS - CERBERE,BEZIERS,CERBERE,1,"1,17183838005062E-05",0
BEZIERS - PORT VENDRES VILLE,BEZIERS,PORT VENDRES VILLE,1,"1,17183838005062E-05",0
BEZIERS - VIC - MIREVAL,BEZIERS,VIC,1,"1,17183838005062E-05",0
BOUSSENS - COARRAZE - NAY,BOUSSENS,COARRAZE,1,"1,17183838005062E-05",0
BOUSSENS - LANNEMEZAN,BOUSSENS,LANNEMEZAN,1,"1,17183838005062E-05",0
BOUSSENS - LONGAGES - NOê,BOUSSENS,LONGAGES,1,"1,17183838005062E-05",0
BRAM - ESCALQUENS,BRAM,ESCALQUENS,1,"1,17183838005062E-05",0
BRAM - MONTAUDRAN,BRAM,MONTAUDRAN,1,"1,17183838005062E-05",0
BRAM - RIVESALTES,BRAM,RIVESALTES,1,"1,17183838005062E-05",0
BRAM - SETE,BRAM,SETE,1,"1,17183838005062E-05",0
BRAM - VILLEFRANCHE DE LAURAGAIS,BRAM,VILLEFRANCHE DE LAURAGAIS,1,"1,17183838005062E-05",0
BRAX - LêGUEVIN - COLOMIERS LYCEE INTERNATIONAL,BRAX,LêGUEVIN,1,"1,17183838005062E-05",0
BRAX - LêGUEVIN - MERENVIELLE,BRAX,LêGUEVIN,1,"1,17183838005062E-05",0
CAPDENAC - LAGUEPIE,CAPDENAC,LAGUEPIE,1,"1,17183838005062E-05",0
CAPDENAC - SALLES COURBATIERS,CAPDENAC,SALLES COURBATIERS,1,"1,17183838005062E-05",0
CAPVERN - MONTRêJEAU - GOURDAN-POLIGNAN,CAPVERN,MONTRêJEAU,1,"1,17183838005062E-05",0
CAPVERN - TARBES,CAPVERN,TARBES,1,"1,17183838005062E-05",0
CARBONNE - TOURNAY,CARBONNE,TOURNAY,1,"1,17183838005062E-05",0
CARCASSONNE - CERBERE,CARCASSONNE,CERBERE,1,"1,17183838005062E-05",0
CARCASSONNE - FRONTIGNAN,CARCASSONNE,FRONTIGNAN,1,"1,17183838005062E-05",0
CARCASSONNE - MARSEILLAN PLAGE,CARCASSONNE,MARSEILLAN PLAGE,1,"1,17183838005062E-05",0
CARCASSONNE - VILLENOUVELLE,CARCASSONNE,VILLENOUVELLE,1,"1,17183838005062E-05",0
CASTELNAU D'ESTRETEFONDS - CAUSSADE,CASTELNAU D'ESTRETEFONDS,CAUSSADE,1,"1,17183838005062E-05",0
CASTELNAU D'ESTRETEFONDS - LACOURTENSOURT,CASTELNAU D'ESTRETEFONDS,LACOURTENSOURT,1,"1,17183838005062E-05",0
CASTELNAU D'ESTRETEFONDS - SAINT-JORY,CASTELNAU D'ESTRETEFONDS,SAINT-JORY,1,"1,17183838005062E-05",0
CASTELNAU D'ESTRETEFONDS - SOUILLAC,CASTELNAU D'ESTRETEFONDS,SOUILLAC,1,"1,17183838005062E-05",0
CASTELNAUDARY - LUNEL,CASTELNAUDARY,LUNEL,1,"1,17183838005062E-05",0
CASTELNAUDARY - PORT VENDRES VILLE,CASTELNAUDARY,PORT VENDRES VILLE,1,"1,17183838005062E-05",0
CASTELNAUDARY - RIVESALTES,CASTELNAUDARY,RIVESALTES,1,"1,17183838005062E-05",0
CASTELNAUDARY - SALSES,CASTELNAUDARY,SALSES,1,"1,17183838005062E-05",0
CASTELNAUDARY - SETE,CASTELNAUDARY,SETE,1,"1,17183838005062E-05",0
CAUSSADE - MONTBARTIER,CAUSSADE,MONTBARTIER,1,"1,17183838005062E-05",0
CERBERE - PORT LA NOUVELLE,CERBERE,PORT LA NOUVELLE,1,"1,17183838005062E-05",0
CERBERE - TARASCON,CERBERE,TARASCON,1,"1,17183838005062E-05",0
CINTEGABELLE - VENERQUE - LE VERNET,CINTEGABELLE,VENERQUE,1,"1,17183838005062E-05",0
COARRAZE - NAY - LANNEMEZAN,COARRAZE,NAY,1,"1,17183838005062E-05",0
COARRAZE - NAY - SAINT-AGNE,COARRAZE,NAY,1,"1,17183838005062E-05",0
COLOMIERS - GALLIENI CANCêROP‚LE,COLOMIERS,GALLIENI CANCêROP‚LE,1,"1,17183838005062E-05",0
COLOMIERS LYCEE INTERNATIONAL - GALLIENI CANCêROP‚LE,COLOMIERS LYCEE INTERNATIONAL,GALLIENI CANCêROP‚LE,1,"1,17183838005062E-05",0
DAMIATTE ST PAUL - LES CAUQUILLOUS,DAMIATTE ST PAUL,LES CAUQUILLOUS,1,"1,17183838005062E-05",0
DIEUPENTALE - SOUILLAC,DIEUPENTALE,SOUILLAC,1,"1,17183838005062E-05",0
ELNE - PORT BOU FRONTIERE,ELNE,PORT BOU FRONTIERE,1,"1,17183838005062E-05",0
ESCALQUENS - PORT LA NOUVELLE,ESCALQUENS,PORT LA NOUVELLE,1,"1,17183838005062E-05",0
ESCALQUENS - VILLEFRANCHE DE LAURAGAIS,ESCALQUENS,VILLEFRANCHE DE LAURAGAIS,1,"1,17183838005062E-05",0
FAUGA - LONGAGES - NOê,FAUGA,LONGAGES,1,"1,17183838005062E-05",0
FAUGA - MARTRES TOLOSANE,FAUGA,MARTRES TOLOSANE,1,"1,17183838005062E-05",0
FAUGA - PORTET SAINT-SIMON,FAUGA,PORTET SAINT-SIMON,1,"1,17183838005062E-05",0
FONT ROMEU ODEILLO VIA - THUES LES BAINS,FONT ROMEU ODEILLO VIA,THUES LES BAINS,1,"1,17183838005062E-05",0
FONTPEDROUSE ST THOMAS L BAINS - THUES LES BAINS,FONTPEDROUSE ST THOMAS L BAINS,THUES LES BAINS,1,"1,17183838005062E-05",0
FRONTIGNAN - PORT LA NOUVELLE,FRONTIGNAN,PORT LA NOUVELLE,1,"1,17183838005062E-05",0
FRONTIGNAN - VIAS,FRONTIGNAN,VIAS,1,"1,17183838005062E-05",0
FRONTIGNAN - VILLENEUVE LES MAGUELONNE,FRONTIGNAN,VILLENEUVE LES MAGUELONNE,1,"1,17183838005062E-05",0
GAILLAC - LUC PRIMAUBE,GAILLAC,LUC PRIMAUBE,1,"1,17183838005062E-05",0
GAILLAC - NAJAC,GAILLAC,NAJAC,1,"1,17183838005062E-05",0
GENOLHAC - GRAND COMBE LA PISE,GENOLHAC,GRAND COMBE LA PISE,1,"1,17183838005062E-05",0
GENOLHAC - LA BASTIDE ST LAURENT L BAINS,GENOLHAC,LA BASTIDE ST LAURENT L BAINS,1,"1,17183838005062E-05",0
GOURDON - SAINT-JORY,GOURDON,SAINT-JORY,1,"1,17183838005062E-05",0
GRAGNAGUE - MARSSAC SUR TARN,GRAGNAGUE,MARSSAC SUR TARN,1,"1,17183838005062E-05",0
GRAMAT - ROCAMADOUR PADIRAC,GRAMAT,ROCAMADOUR PADIRAC,1,"1,17183838005062E-05",0
GRAND COMBE LA PISE - NOZI‘RES - BRIGNON,GRAND COMBE LA PISE,NOZI‘RES,1,"1,17183838005062E-05",0
GRAND COMBE LA PISE - SAINT-GENI‘S-DE-MALGOIR‘S,GRAND COMBE LA PISE,SAINT-GENI‘S-DE-MALGOIR‘S,1,"1,17183838005062E-05",0
GRAND COMBE LA PISE - STE CECILE D'ANDORGE,GRAND COMBE LA PISE,STE CECILE D'ANDORGE,1,"1,17183838005062E-05",0
GRISOLLES - LACOURTENSOURT,GRISOLLES,LACOURTENSOURT,1,"1,17183838005062E-05",0
JONCET - THUES LES BAINS,JONCET,THUES LES BAINS,1,"1,17183838005062E-05",0
LA BASTIDE ST LAURENT L BAINS - STE CECILE D'ANDORGE,LA BASTIDE ST LAURENT L BAINS,STE CECILE D'ANDORGE,1,"1,17183838005062E-05",0
LABEGE INNOPOLE - MONTPELLIER SAINT-ROCH,LABEGE INNOPOLE,MONTPELLIER SAINT-ROCH,1,"1,17183838005062E-05",0
LAGUEPIE - SAINT-SULPICE,LAGUEPIE,SAINT-SULPICE,1,"1,17183838005062E-05",0
LAMAGISTERE - LAVILLEDIEU,LAMAGISTERE,LAVILLEDIEU,1,"1,17183838005062E-05",0
LATOUR DE CAROL ENVEITG - LES CABANNES,LATOUR DE CAROL ENVEITG,LES CABANNES,1,"1,17183838005062E-05",0
LAVILLEDIEU - VALENCE D'AGEN,LAVILLEDIEU,VALENCE D'AGEN,1,"1,17183838005062E-05",0
LES CABANNES - MERENS LES VALS,LES CABANNES,MERENS LES VALS,1,"1,17183838005062E-05",0
LES CABANNES - PAMIERS,LES CABANNES,PAMIERS,1,"1,17183838005062E-05",0
LES CABANNES - SAINT JEAN DE VERGES,LES CABANNES,SAINT JEAN DE VERGES,1,"1,17183838005062E-05",0
LES CABANNES - VERNET-D'ARIEGE,LES CABANNES,VERNET-D'ARIEGE,1,"1,17183838005062E-05",0
LEUCATE LA FRANQUI - LêZIGNAN (AUDE),LEUCATE LA FRANQUI,LêZIGNAN (AUDE),1,"1,17183838005062E-05",0
LEUCATE LA FRANQUI - LUNEL,LEUCATE LA FRANQUI,LUNEL,1,"1,17183838005062E-05",0
LEUCATE LA FRANQUI - PORT BOU FRONTIERE,LEUCATE LA FRANQUI,PORT BOU FRONTIERE,1,"1,17183838005062E-05",0
LêZIGNAN (AUDE) - NIMES,LêZIGNAN (AUDE),NIMES,1,"1,17183838005062E-05",0
LIMOUX - LIMOUX FLASSIAN,LIMOUX,LIMOUX FLASSIAN,1,"1,17183838005062E-05",0
LONGAGES - NOê - PORTET SAINT-SIMON,LONGAGES,NOê,1,"1,17183838005062E-05",0
LUNEL - MARSEILLAN PLAGE,LUNEL,MARSEILLAN PLAGE,1,"1,17183838005062E-05",0
LUNEL VIEL - MONTPELLIER SAINT-ROCH,LUNEL VIEL,MONTPELLIER SAINT-ROCH,1,"1,17183838005062E-05",0
MARSEILLAN PLAGE - NARBONNE,MARSEILLAN PLAGE,NARBONNE,1,"1,17183838005062E-05",0
MARSEILLAN PLAGE - SETE,MARSEILLAN PLAGE,SETE,1,"1,17183838005062E-05",0
MARSEILLAN PLAGE - TOULOUSE MATABIAU,MARSEILLAN PLAGE,TOULOUSE MATABIAU,1,"1,17183838005062E-05",0
MARVEJOLS - VILLEFORT,MARVEJOLS,VILLEFORT,1,"1,17183838005062E-05",0
MAZAMET - MONTASTRUC LA CONSEILLERE,MAZAMET,MONTASTRUC LA CONSEILLERE,1,"1,17183838005062E-05",0
MENDE - STE CECILE D'ANDORGE,MENDE,STE CECILE D'ANDORGE,1,"1,17183838005062E-05",0
MONTASTRUC LA CONSEILLERE - SAINT-SULPICE,MONTASTRUC LA CONSEILLERE,SAINT-SULPICE,1,"1,17183838005062E-05",0
MONTAUDRAN - MONTPELLIER SAINT-ROCH,MONTAUDRAN,MONTPELLIER SAINT-ROCH,1,"1,17183838005062E-05",0
MONTAUDRAN - NIMES,MONTAUDRAN,NIMES,1,"1,17183838005062E-05",0
MONTRABE - RABASTENS - COUFOULEUX,MONTRABE,RABASTENS,1,"1,17183838005062E-05",0
NARBONNE - VIC - MIREVAL,NARBONNE,VIC,1,"1,17183838005062E-05",0
NARBONNE - VILLENOUVELLE,NARBONNE,VILLENOUVELLE,1,"1,17183838005062E-05",0
NIMES - STE CECILE D'ANDORGE,NIMES,STE CECILE D'ANDORGE,1,"1,17183838005062E-05",0
NIMES PONT DU GARD - RIVESALTES,NIMES PONT DU GARD,RIVESALTES,1,"1,17183838005062E-05",0
PAMIERS - SAINT JEAN DE VERGES,PAMIERS,SAINT JEAN DE VERGES,1,"1,17183838005062E-05",0
PINS JUSTARET - SAINT JEAN DE VERGES,PINS JUSTARET,SAINT JEAN DE VERGES,1,"1,17183838005062E-05",0
PINS JUSTARET - TARASCON SUR ARIEGE,PINS JUSTARET,TARASCON SUR ARIEGE,1,"1,17183838005062E-05",0
PINS JUSTARET - VERNET-D'ARIEGE,PINS JUSTARET,VERNET-D'ARIEGE,1,"1,17183838005062E-05",0
PLANES - VILLEFRANCHE VERNET LES BAINS,PLANES,VILLEFRANCHE VERNET LES BAINS,1,"1,17183838005062E-05",0
PORT LA NOUVELLE - VERG‘ZE - CODOGNAN,PORT LA NOUVELLE,VERG‘ZE,1,"1,17183838005062E-05",0
PORTE PUYMORENS - PORTET SAINT-SIMON,PORTE PUYMORENS,PORTET SAINT-SIMON,1,"1,17183838005062E-05",0
PORTET SAINT-SIMON - VERNET-D'ARIEGE,PORTET SAINT-SIMON,VERNET-D'ARIEGE,1,"1,17183838005062E-05",0
RIVESALTES - TARASCON,RIVESALTES,TARASCON,1,"1,17183838005062E-05",0
RIVESALTES - VERG‘ZE - CODOGNAN,RIVESALTES,VERG‘ZE,1,"1,17183838005062E-05",0
RIVESALTES - VILLEFRANCHE DE LAURAGAIS,RIVESALTES,VILLEFRANCHE DE LAURAGAIS,1,"1,17183838005062E-05",0
RODEZ - TANUS,RODEZ,TANUS,1,"1,17183838005062E-05",0
SAINT JEAN DE VERGES - SAVERDUN,SAINT JEAN DE VERGES,SAVERDUN,1,"1,17183838005062E-05",0
SAINT-GENI‘S-DE-MALGOIR‘S - VILLEFORT,SAINT-GENI‘S-DE-MALGOIR‘S,VILLEFORT,1,"1,17183838005062E-05",0
SAINT-JORY - SOUILLAC,SAINT-JORY,SOUILLAC,1,"1,17183838005062E-05",0
SAINT-SULPICE - VIELMUR SUR AGOUT,SAINT-SULPICE,VIELMUR SUR AGOUT,1,"1,17183838005062E-05",0
SALSES - SETE,SALSES,SETE,1,"1,17183838005062E-05",0
SAVERDUN - VENERQUE - LE VERNET,SAVERDUN,VENERQUE,1,"1,17183838005062E-05",0
TARASCON SUR ARIEGE - VERNET-D'ARIEGE,TARASCON SUR ARIEGE,VERNET-D'ARIEGE,1,"1,17183838005062E-05",0
TOULOUSE MATABIAU - VIAS,TOULOUSE MATABIAU,VIAS,1,"1,17183838005062E-05",0
VALERGUES - LANSARGUES - VILLENEUVE LES MAGUELONNE,VALERGUES,LANSARGUES,1,"1,17183838005062E-05",0
VARILHES - VENERQUE - LE VERNET,VARILHES,VENERQUE,1,"1,17183838005062E-05",0
VARILHES - VERNET-D'ARIEGE,VARILHES,VERNET-D'ARIEGE,1,"1,17183838005062E-05",0
VENERQUE - LE VERNET - VERNET-D'ARIEGE,VENERQUE,LE VERNET,1,"1,17183838005062E-05",0
VIC - MIREVAL - VILLENEUVE LES MAGUELONNE,VIC,MIREVAL,1,"1,17183838005062E-05",0
Total,Total,,85336,1,0
,,,,,
"Filtres appliquÇsˇ: 
Inclus (1) 2023 (AnnÇe) + Juin (Mois)
Inclus (1) Occitanie (Tarif rÇgion) + Weekend 1’ (RÇsumÇ CTCR)
AnnÇe n'est pas (Vide)
Date est le ou avant le 31/01/2025 00:00:00","Filtres appliquÇsˇ: 
Inclus (1) 2023 (AnnÇe) + Juin (Mois)
Inclus (1) Occitanie (Tarif rÇgion) + Weekend 1’ (RÇsumÇ CTCR)
AnnÇe n'est pas (Vide)
Date est le ou avant le 31/01/2025 00:00:00",,,,
LARDENNE - SAINT-MARTIN DU TOUCH,LARDENNE,SAINT-MARTIN DU TOUCH,1,"8,80607266763411E-06",0
LATOUR DE CAROL ENVEITG - PINS JUSTARET,LATOUR DE CAROL ENVEITG,PINS JUSTARET,1,"8,80607266763411E-06",0
LATOUR DE CAROL ENVEITG - SAILLAGOUSE,LATOUR DE CAROL ENVEITG,SAILLAGOUSE,1,"8,80607266763411E-06",0
LES CABANNES - PAMIERS,LES CABANNES,PAMIERS,1,"8,80607266763411E-06",0
LES CABANNES - SAINT JEAN DE VERGES,LES CABANNES,SAINT JEAN DE VERGES,1,"8,80607266763411E-06",0
LES CABANNES - VARILHES,LES CABANNES,VARILHES,1,"8,80607266763411E-06",0
LEUCATE LA FRANQUI - LUNEL,LEUCATE LA FRANQUI,LUNEL,1,"8,80607266763411E-06",0
LEUCATE LA FRANQUI - MONTAUDRAN,LEUCATE LA FRANQUI,MONTAUDRAN,1,"8,80607266763411E-06",0
LêZIGNAN (AUDE) - MONTPELLIER SAINT-ROCH,LêZIGNAN (AUDE),MONTPELLIER SAINT-ROCH,1,"8,80607266763411E-06",0
LOURDES - TOURNAY,LOURDES,TOURNAY,1,"8,80607266763411E-06",0
LUNEL - SALSES,LUNEL,SALSES,1,"8,80607266763411E-06",0
LUNEL - VILLENEUVE LES MAGUELONNE,LUNEL,VILLENEUVE LES MAGUELONNE,1,"8,80607266763411E-06",0
LUZENAC GARANOU - PORTET SAINT-SIMON,LUZENAC GARANOU,PORTET SAINT-SIMON,1,"8,80607266763411E-06",0
LUZENAC GARANOU - SAINT-AGNE,LUZENAC GARANOU,SAINT-AGNE,1,"8,80607266763411E-06",0
LUZENAC GARANOU - SAVERDUN,LUZENAC GARANOU,SAVERDUN,1,"8,80607266763411E-06",0
MARSEILLAN PLAGE - NIMES,MARSEILLAN PLAGE,NIMES,1,"8,80607266763411E-06",0
MARSSAC SUR TARN - SAINT-SULPICE,MARSSAC SUR TARN,SAINT-SULPICE,1,"8,80607266763411E-06",0
MAZAMET - MONTRABE,MAZAMET,MONTRABE,1,"8,80607266763411E-06",0
MENDE - VILLEFORT,MENDE,VILLEFORT,1,"8,80607266763411E-06",0
MONTASTRUC LA CONSEILLERE - SAINT-SULPICE,MONTASTRUC LA CONSEILLERE,SAINT-SULPICE,1,"8,80607266763411E-06",0
MONTASTRUC LA CONSEILLERE - VIELMUR SUR AGOUT,MONTASTRUC LA CONSEILLERE,VIELMUR SUR AGOUT,1,"8,80607266763411E-06",0
MONTAUDRAN - NIMES,MONTAUDRAN,NIMES,1,"8,80607266763411E-06",0
MONTAUDRAN - SETE,MONTAUDRAN,SETE,1,"8,80607266763411E-06",0
MONTRêJEAU - GOURDAN-POLIGNAN - TOURNAY,MONTRêJEAU,GOURDAN-POLIGNAN,1,"8,80607266763411E-06",0
NAJAC - SAINT-SULPICE,NAJAC,SAINT-SULPICE,1,"8,80607266763411E-06",0
NAUCELLE - RABASTENS - COUFOULEUX,NAUCELLE,RABASTENS,1,"8,80607266763411E-06",0
NIMES - SAINT-AUN‘S,NIMES,SAINT-AUN‘S,1,"8,80607266763411E-06",0
NIMES - SALSES,NIMES,SALSES,1,"8,80607266763411E-06",0
NIMES - VIAS,NIMES,VIAS,1,"8,80607266763411E-06",0
NIMES - VILLENEUVE LES MAGUELONNE,NIMES,VILLENEUVE LES MAGUELONNE,1,"8,80607266763411E-06",0
NIMES PONT DU GARD - RIVESALTES,NIMES PONT DU GARD,RIVESALTES,1,"8,80607266763411E-06",0
PAMIERS - SAINT JEAN DE VERGES,PAMIERS,SAINT JEAN DE VERGES,1,"8,80607266763411E-06",0
PAU - TOURNAY,PAU,TOURNAY,1,"8,80607266763411E-06",0
PINS JUSTARET - VERNET-D'ARIEGE,PINS JUSTARET,VERNET-D'ARIEGE,1,"8,80607266763411E-06",0
PORT BOU FRONTIERE - VILLEFRANCHE DE LAURAGAIS,PORT BOU FRONTIERE,VILLEFRANCHE DE LAURAGAIS,1,"8,80607266763411E-06",0
PORT LA NOUVELLE - VERG‘ZE - CODOGNAN,PORT LA NOUVELLE,VERG‘ZE,1,"8,80607266763411E-06",0
PORT VENDRES VILLE - RIVESALTES,PORT VENDRES VILLE,RIVESALTES,1,"8,80607266763411E-06",0
RABASTENS - COUFOULEUX - TESSONNIERES,RABASTENS,COUFOULEUX,1,"8,80607266763411E-06",0
RODEZ - TANUS,RODEZ,TANUS,1,"8,80607266763411E-06",0
ROQUESêRI‘RE - TOULOUSE MATABIAU,ROQUESêRI‘RE,TOULOUSE MATABIAU,1,"8,80607266763411E-06",0
SAINT JEAN DE VERGES - SAVERDUN,SAINT JEAN DE VERGES,SAVERDUN,1,"8,80607266763411E-06",0
SAINT JEAN DE VERGES - VERNET-D'ARIEGE,SAINT JEAN DE VERGES,VERNET-D'ARIEGE,1,"8,80607266763411E-06",0
SAINT-CêSAIRE - VILLENEUVE LES MAGUELONNE,SAINT-CêSAIRE,VILLENEUVE LES MAGUELONNE,1,"8,80607266763411E-06",0
SAINT-SULPICE - SALLES COURBATIERS,SAINT-SULPICE,SALLES COURBATIERS,1,"8,80607266763411E-06",0
SAVERDUN - VENERQUE - LE VERNET,SAVERDUN,VENERQUE,1,"8,80607266763411E-06",0
SAVERDUN - VERNET-D'ARIEGE,SAVERDUN,VERNET-D'ARIEGE,1,"8,80607266763411E-06",0
SETE - VALERGUES - LANSARGUES,SETE,VALERGUES,1,"8,80607266763411E-06",0
SETE - VIAS,SETE,VIAS,1,"8,80607266763411E-06",0
ST MARTORY - TOULOUSE MATABIAU,ST MARTORY,TOULOUSE MATABIAU,1,"8,80607266763411E-06",0
VERG‘ZE - CODOGNAN - VILLEFRANCHE DE LAURAGAIS,VERG‘ZE,CODOGNAN,1,"8,80607266763411E-06",0
VERG‘ZE - CODOGNAN - VILLENEUVE LES MAGUELONNE,VERG‘ZE,CODOGNAN,1,"8,80607266763411E-06",0
VIC - MIREVAL - VILLENEUVE LES MAGUELONNE,VIC,MIREVAL,1,"8,80607266763411E-06",0
VILLEFRANCHE DE LAURAGAIS - VILLENOUVELLE,VILLEFRANCHE DE LAURAGAIS,VILLENOUVELLE,1,"8,80607266763411E-06",0
Total,Total,,"113558,000001",1,0
,,,1,,
,,,,,
,,,,,
,,,,,
,,,,,
,,,,,
,,,,,
,,,,,
,,,,,
,,,,,
,,,,,
,,,,,
,,,,,
,,,,,
,,,,,
,,,,,
,,,,,
",,,",,,,,
